,ASVs ,Global_migration.4.T18.R1,Global_migration.4.T18.R10,Global_migration.4.T18.R11,Global_migration.4.T18.R12,Global_migration.4.T18.R13,Global_migration.4.T18.R14,Global_migration.4.T18.R15,Global_migration.4.T18.R16,Global_migration.4.T18.R17,Global_migration.4.T18.R18,Global_migration.4.T18.R19,Global_migration.4.T18.R2,Global_migration.4.T18.R20,Global_migration.4.T18.R21,Global_migration.4.T18.R22,Global_migration.4.T18.R23,Global_migration.4.T18.R24,Global_migration.4.T18.R25,Global_migration.4.T18.R26,Global_migration.4.T18.R27,Global_migration.4.T18.R28,Global_migration.4.T18.R29,Global_migration.4.T18.R3,Global_migration.4.T18.R30,Global_migration.4.T18.R31,Global_migration.4.T18.R32,Global_migration.4.T18.R33,Global_migration.4.T18.R34,Global_migration.4.T18.R35,Global_migration.4.T18.R36,Global_migration.4.T18.R37,Global_migration.4.T18.R38,Global_migration.4.T18.R39,Global_migration.4.T18.R4,Global_migration.4.T18.R40,Global_migration.4.T18.R41,Global_migration.4.T18.R42,Global_migration.4.T18.R43,Global_migration.4.T18.R44,Global_migration.4.T18.R45,Global_migration.4.T18.R46,Global_migration.4.T18.R47,Global_migration.4.T18.R48,Global_migration.4.T18.R49,Global_migration.4.T18.R5,Global_migration.4.T18.R50,Global_migration.4.T18.R51,Global_migration.4.T18.R52,Global_migration.4.T18.R53,Global_migration.4.T18.R54,Global_migration.4.T18.R55,Global_migration.4.T18.R56,Global_migration.4.T18.R57,Global_migration.4.T18.R58,Global_migration.4.T18.R59,Global_migration.4.T18.R6,Global_migration.4.T18.R60,Global_migration.4.T18.R61,Global_migration.4.T18.R62,Global_migration.4.T18.R63,Global_migration.4.T18.R64,Global_migration.4.T18.R65,Global_migration.4.T18.R66,Global_migration.4.T18.R67,Global_migration.4.T18.R68,Global_migration.4.T18.R69,Global_migration.4.T18.R7,Global_migration.4.T18.R70,Global_migration.4.T18.R71,Global_migration.4.T18.R72,Global_migration.4.T18.R73,Global_migration.4.T18.R74,Global_migration.4.T18.R75,Global_migration.4.T18.R76,Global_migration.4.T18.R77,Global_migration.4.T18.R78,Global_migration.4.T18.R79,Global_migration.4.T18.R8,Global_migration.4.T18.R80,Global_migration.4.T18.R81,Global_migration.4.T18.R82,Global_migration.4.T18.R83,Global_migration.4.T18.R84,Global_migration.4.T18.R85,Global_migration.4.T18.R86,Global_migration.4.T18.R87,Global_migration.4.T18.R88,Global_migration.4.T18.R89,Global_migration.4.T18.R9,Global_migration.4.T18.R90,Global_migration.4.T18.R91,Global_migration.4.T18.R92,Global_migration.4.T18.R93
0,GCAAGCGTTAATCGGAATTACTGGGCGTAAAGCGCACGCAGGCGGTCTATCAAGTCGGATGTGAAATCCCCGGGCTCAACCTGGGAACTGCATTCGAAACTGGCAGGCTAGAGTCTTGTAGAGGGGGGTAGAATTCCAGGTGTAGCGGTGAAATGCGTAGAGATCTGGAGGAATACCGGTGGCGAAGGCGGCCCCCTGGACAAAGACTGACGCTCAGGTGCGAAAGCGTGGGG,7.0,4.0,10.0,9.0,0.0,1.0,0.0,2.0,1.0,1.0,1.0,6.0,2.0,18.0,3.0,24.0,0.0,0.0,3.0,0.0,2.0,0.0,0.0,1.0,0.0,0.0,0.0,0.0,4.0,0.0,0.0,0.0,6.0,14.0,2.0,3.0,0.0,9.0,1.0,0.0,6.0,0.0,4.0,4.0,0.0,0.0,0.0,0.0,0.0,1.0,6.0,1.0,0.0,3.0,0.0,0.0,6.0,4.0,1.0,7.0,6.0,4.0,0.0,3.0,0.0,1.0,0.0,6.0,0.0,0.0,15.0,5.0,3.0,3.0,0.0,3.0,0.0,4.0,14.0,0.0,4.0,0.0,1.0,24.0,0.0,4.0,1.0,1.0,1.0,0.0,17.0,24.0,0.0
1,GCAAGCGTTAATCGGAATTACTGGGCGTAAAGCGCGCGTAGGTGGTTCGTTAAGTTGGATGTGAAAGCCCCGGGCTCAACCTGGGAACTGCATCCAAAACTGGCGAGCTAGAGTACGGTAGAGGGTGGTGGAATTTCCTGTGTAGCGGTGAAATGCGTAGATATAGGAAGGAACACCAGTGGCGAAGGCGACCACCTGGACTGATACTGACACTGAGGTGCGAAAGCGTGGGG,1.0,0.0,1.0,3.0,1.0,0.0,0.0,0.0,0.0,0.0,0.0,0.0,1.0,0.0,0.0,0.0,0.0,0.0,1.0,0.0,0.0,0.0,0.0,0.0,0.0,0.0,0.0,0.0,0.0,0.0,1.0,0.0,0.0,0.0,0.0,2.0,0.0,1.0,0.0,0.0,0.0,0.0,0.0,0.0,1.0,0.0,1.0,0.0,0.0,0.0,0.0,0.0,0.0,0.0,0.0,0.0,0.0,0.0,0.0,0.0,0.0,1.0,0.0,0.0,0.0,0.0,0.0,0.0,0.0,0.0,1.0,1.0,0.0,0.0,1.0,2.0,0.0,0.0,0.0,1.0,0.0,1.0,0.0,1.0,1.0,0.0,0.0,1.0,0.0,1.0,0.0,1.0,0.0
2,GCAAGCGTTAATCGGAATTACTGGGCGTAAAGCGCACGCAGGCGGTCTGTCAAGTCGGATGTGAAATCCCCGGGCTCAACCTGGGAACTGCATTCGAAACTGGCAGGCTGGAGTCTTGTAGAGGGGGGTAGAATTCCAGGTGTAGCGGTGAAATGCGTAGAGATCTGGAGGAATACCGGTGGCGAAGGCGCCCCCCTGGACAAAGACTGACGCTCAGGTGCGAAAGCGTGGGG,27.0,106.0,123.0,186.0,197.0,17.0,35.0,11.0,20.0,11.0,17.0,53.0,20.0,84.0,36.0,71.0,15.0,27.0,28.0,31.0,46.0,24.0,45.0,17.0,32.0,31.0,19.0,20.0,15.0,16.0,36.0,34.0,89.0,8.0,38.0,36.0,37.0,12.0,9.0,32.0,8.0,27.0,13.0,21.0,20.0,288.0,77.0,25.0,11.0,100.0,138.0,59.0,14.0,11.0,88.0,84.0,16.0,68.0,91.0,7.0,45.0,53.0,139.0,55.0,32.0,37.0,79.0,25.0,32.0,47.0,75.0,20.0,11.0,82.0,25.0,100.0,11.0,42.0,65.0,12.0,28.0,12.0,20.0,17.0,50.0,75.0,97.0,87.0,15.0,78.0,37.0,14.0,19.0
3,GCAAGCGTTAATCGGAATTACTGGGCGTAAAGCGTGTGTAGGCGGTTCGGAAAGAAAGATGTGAAATCCCAGGGCTCAACCTTGGAACTGCATTTTTAACTGCCGAGCTAGAGTATGTCAGAGGGGGGTAGAATTCCACGTGTAGCAGTGAAATGCGTAGATATGTGGAGGAATACCGATGGCGAAGGCAGCCCCCTGGGATAATACTGACGCTCAGACACGAAAGCGTGGGG,8565.0,28821.0,29677.0,52053.0,40804.0,5527.0,7937.0,3735.0,3264.0,6348.0,4101.0,10231.0,5694.0,31887.0,17675.0,33273.0,2463.0,2578.0,5669.0,5349.0,9684.0,3830.0,8499.0,3043.0,9717.0,4204.0,3756.0,4589.0,4379.0,3362.0,5712.0,6333.0,11749.0,13685.0,7578.0,8883.0,9000.0,5316.0,5394.0,5168.0,4873.0,7558.0,4878.0,5675.0,7214.0,40144.0,15670.0,3794.0,2880.0,23560.0,36358.0,14366.0,2662.0,4232.0,21976.0,23945.0,4473.0,19738.0,13403.0,12939.0,9915.0,19364.0,19197.0,8814.0,6704.0,9605.0,27129.0,6129.0,6129.0,7372.0,21014.0,7946.0,5417.0,21666.0,7775.0,23363.0,3745.0,8882.0,23765.0,3437.0,8932.0,4289.0,5170.0,11521.0,6633.0,16610.0,15981.0,13868.0,4081.0,15888.0,17015.0,16884.0,4881.0
4,GCGAGCGTTAATCGGAATTACTGGGCGTAAAGCGTGCGCAGGCGGTTATGTAAGACAGATGTGAAATCCCCGGGCTCAACCTGGGAACTGCATTTGTGACTGCATGGCTAGAGTACGGTAGAGGGGGATGGAATTCCGCGTGTAGCAGTGAAATGCGTAGATATGCGGAGGAACACCGATGGCGAAGGCAATCCCCTGGACCTGTACTGACGCTCATGCACGAAAGCGTGGGG,760.0,2270.0,2216.0,3599.0,3239.0,1040.0,1044.0,886.0,429.0,738.0,375.0,674.0,220.0,4381.0,2236.0,3287.0,343.0,488.0,377.0,1201.0,2387.0,363.0,763.0,533.0,1358.0,525.0,720.0,1034.0,699.0,393.0,452.0,1341.0,2977.0,991.0,798.0,1134.0,950.0,647.0,271.0,696.0,313.0,378.0,965.0,775.0,672.0,3464.0,526.0,720.0,575.0,3520.0,4994.0,732.0,339.0,687.0,1448.0,1998.0,304.0,2287.0,2491.0,2007.0,1243.0,978.0,4356.0,1786.0,868.0,2009.0,4225.0,738.0,1107.0,918.0,3020.0,694.0,725.0,1139.0,518.0,2637.0,405.0,633.0,2906.0,397.0,1040.0,307.0,625.0,2256.0,930.0,1938.0,2366.0,2905.0,784.0,946.0,2274.0,2378.0,727.0
5,GCAAGCGTTACTCGGAATTACTGGGCGTAAAGCGTGCGTAGGTGGTTGTTTAAGTCTGTTGTGAAAGCCCTGGGCTCAACCTGGGAACTGCAGTGGAAACTGGACGACTAGAGTGTGGTAGAGGGTAGCGGAATTCCTGGTGTAGCAGTGAAATGCGTAGAGATCAGGAGGAACATCCATGGCGAAGGCAGCTACCTGGACCAACACTGACACTGAGGCACGAAAGCGTGGGG,13.0,1.0,3.0,0.0,0.0,0.0,0.0,0.0,0.0,0.0,0.0,0.0,0.0,21.0,52.0,0.0,0.0,0.0,0.0,0.0,0.0,0.0,0.0,0.0,0.0,0.0,0.0,0.0,3.0,0.0,0.0,0.0,0.0,0.0,0.0,0.0,0.0,6.0,0.0,0.0,0.0,0.0,0.0,12.0,0.0,1.0,0.0,0.0,0.0,112.0,3.0,0.0,1.0,0.0,0.0,0.0,0.0,0.0,2.0,0.0,0.0,0.0,4.0,0.0,0.0,1.0,5.0,0.0,0.0,0.0,87.0,0.0,0.0,4.0,0.0,0.0,0.0,0.0,71.0,4.0,0.0,0.0,6.0,0.0,17.0,2.0,0.0,0.0,2.0,0.0,0.0,0.0,0.0
6,GCAAGCGTTAATCGGAATTACTGGGCGTAAAGCGCACGCAGGCGGTCTGTCAAGTCGGATGTGAAATCCCCGGGCTCAACCTGGGAACTGCATTCGAAACTGGCAGGCTTGAGTCTTGTAGAGGGGGGTAGAATTCCAGGTGTAGCGGTGAAATGCGTAGAGATCTGGAGGAATACCGGTGGCGAAGGCGGCCCCCTGGACAAAGACTGACGCTCAGGTGCGAAAGCGTGGGG,10.0,16.0,7.0,8.0,20.0,6.0,6.0,2.0,1.0,3.0,1.0,4.0,8.0,26.0,530.0,65.0,1.0,15.0,38.0,9.0,5.0,0.0,4.0,1.0,2.0,72.0,1.0,62.0,27.0,1.0,0.0,1.0,634.0,13.0,9.0,11.0,75.0,4.0,10.0,33.0,1.0,7.0,1.0,4.0,1.0,27.0,2.0,2.0,5.0,404.0,20.0,893.0,3.0,6.0,7.0,7.0,9.0,13.0,51.0,7.0,5.0,41.0,482.0,4.0,3.0,4364.0,26.0,3.0,6.0,47.0,19.0,5.0,3.0,21.0,5.0,25.0,1.0,1.0,9.0,716.0,102.0,10.0,2.0,69.0,66.0,2525.0,98.0,2.0,3.0,147.0,6.0,20.0,3.0
7,GCAAGCGTTAATCGGAATTACTGGGCGTAAAGCGCACGCAGGCGGTCTGTCAAGTCGGATGTGAAATCCCGGGGCTCAACCTGGGAACTGCATTCGAAACTGGCAGGCTGGAGTCTTGTAGAGGGGGGTAGAATTCCAGGTGTAGCGGTGAAATGCGTAGAGATCTGGAGGAATACCGGTGGCGAAGGCGGCCCCCTGGACAAAGACTGACGCTCAGGTGCGAAAGCGTGGGG,10.0,18.0,41.0,44.0,71.0,5.0,10.0,4.0,6.0,7.0,1.0,15.0,6.0,23.0,11.0,13.0,4.0,9.0,9.0,8.0,11.0,6.0,8.0,3.0,4.0,6.0,2.0,3.0,2.0,4.0,3.0,6.0,19.0,0.0,8.0,11.0,18.0,1.0,3.0,10.0,4.0,21.0,2.0,4.0,7.0,76.0,27.0,8.0,1.0,29.0,40.0,13.0,2.0,5.0,26.0,19.0,7.0,23.0,28.0,4.0,15.0,19.0,59.0,7.0,10.0,16.0,27.0,5.0,4.0,15.0,30.0,11.0,3.0,23.0,8.0,36.0,7.0,8.0,8.0,8.0,14.0,1.0,19.0,1.0,2.0,13.0,28.0,17.0,6.0,13.0,9.0,5.0,5.0
8,GCAAGCGTTAATCGGAATTACTGGGCGTAAAGCGCACGCAGGCGGTCTGTCAAGTCGGATGTGAAATTCCCGGGCTCAACCTGGGAACTGCATTCGAAACTGGCAGGCTAGAGTCTTGTAGAGGGGGGTAGAATTCCAGGTGTAGCGGTGAAATGCGTAGAGATCTGGAGGAATACCGGTGGCGAAGGCGGCCCCCTGGACAAAGACTGACGCTCAGGTGCGAAAGCGTGGGG,30.0,2.0,2.0,20.0,0.0,0.0,0.0,0.0,0.0,0.0,0.0,1.0,0.0,0.0,0.0,19.0,0.0,0.0,0.0,0.0,5.0,0.0,0.0,0.0,0.0,0.0,0.0,0.0,10.0,0.0,0.0,0.0,1.0,2.0,0.0,0.0,0.0,0.0,2.0,0.0,7.0,0.0,0.0,2.0,1.0,0.0,1.0,0.0,0.0,0.0,2.0,0.0,1.0,5.0,0.0,1.0,2.0,1.0,0.0,4.0,1.0,6.0,0.0,0.0,0.0,1.0,2.0,4.0,0.0,0.0,5.0,1.0,1.0,0.0,0.0,0.0,0.0,4.0,5.0,0.0,0.0,0.0,0.0,3.0,0.0,1.0,0.0,0.0,0.0,0.0,43.0,24.0,0.0
9,GCAAGCGTTAATCGGAATTACTGGGCGTAAAGCGCACGCAGGCGGTCTGTCAAGTCGGATGTGAAATCCCGGGGCTCAACCTGGGAACTGCATTCGAAACTGGCAGGCTAGAGTCTTGTAGAGGGGGGTAGAATTCCAGGTGTAGCGGTGAAATGCGTAGAGATCTGGAGGAATACCGGTGGCGAAGGCGGCCCCCTGGACAAAGACTGACGCTCAGGTGCGAAAGCGTGGGG,2.0,2.0,4.0,12.0,1.0,2.0,0.0,1.0,2.0,2.0,0.0,1.0,0.0,10.0,1.0,18.0,0.0,0.0,1.0,0.0,3.0,0.0,0.0,0.0,3.0,0.0,0.0,1.0,5.0,0.0,0.0,1.0,9.0,14.0,4.0,4.0,0.0,2.0,3.0,0.0,5.0,0.0,3.0,1.0,0.0,0.0,1.0,0.0,0.0,0.0,19.0,4.0,0.0,3.0,0.0,4.0,0.0,10.0,2.0,9.0,3.0,8.0,0.0,4.0,0.0,7.0,0.0,6.0,3.0,0.0,6.0,6.0,1.0,1.0,0.0,3.0,0.0,2.0,6.0,0.0,1.0,1.0,0.0,24.0,1.0,6.0,1.0,0.0,1.0,0.0,15.0,19.0,1.0
10,GCAAGCGTTAATCGGAATTACTGGGCGTAAAGCGCACGCAGGCGGTCTGTCAAGTCGGATGTGAAATCCCCGGGCTCAACCTGGGAACTGCATTCGAAACTGGCAGGCTAGAGTCTTGTAGAGGGGGGTGGAATTCCAGGTGTAGCGGTGAAATGCGTAGAGATCTGGAGGAATACCGGTGGCGAAGGCGGCCCCCTGGACAAAGACTGACGCTCAGGTGCGAAAGCGTGGGG,138.0,34.0,86.0,78.0,6.0,4.0,4.0,4.0,0.0,38.0,3.0,2.0,0.0,4.0,2.0,12.0,4.0,0.0,6.0,0.0,18.0,0.0,0.0,0.0,8.0,0.0,0.0,2.0,1.0,13.0,0.0,1.0,1.0,6254.0,5.0,4.0,0.0,0.0,95.0,0.0,43.0,0.0,20.0,2.0,19.0,2.0,1.0,0.0,0.0,2.0,58.0,7.0,0.0,6.0,5.0,88.0,44.0,10.0,0.0,6.0,9.0,9.0,2.0,13.0,0.0,29.0,2.0,7.0,24.0,4.0,49.0,56.0,6.0,10.0,0.0,9.0,0.0,48.0,13.0,33.0,1.0,1.0,0.0,100.0,0.0,7.0,0.0,1.0,2.0,0.0,135.0,11.0,0.0
11,GCAAGCGTTAATCGGAATTACTGGGCGTAAAGCGCACGCAGGCGGTCTGTCAAGTCGGATGTGAAATCCCCGGGCTCAACCTGGGAACTGCATTCGAAACTGGCAGGCTAGAGTCTTGTAGAGGGGGGTAGAATTCCAGGTGTAGCGGTGAAATGCGTAGAGATCTGGAGGAATACCGGTGGCGAAGGCGCCCCCCTGGACAAAGACTGACGCTCAGGTGCGAAAGCGTGGGG,6.0,19.0,24.0,27.0,1.0,5.0,2.0,6.0,3.0,0.0,0.0,9.0,2.0,38.0,9.0,60.0,0.0,0.0,8.0,0.0,13.0,4.0,1.0,1.0,3.0,0.0,0.0,4.0,4.0,1.0,0.0,4.0,20.0,38.0,12.0,6.0,0.0,15.0,10.0,2.0,7.0,0.0,10.0,6.0,2.0,2.0,3.0,0.0,0.0,1.0,23.0,3.0,5.0,9.0,0.0,12.0,2.0,24.0,9.0,39.0,17.0,33.0,3.0,12.0,1.0,14.0,2.0,18.0,5.0,2.0,26.0,6.0,15.0,1.0,0.0,11.0,0.0,11.0,23.0,4.0,4.0,5.0,5.0,67.0,1.0,19.0,4.0,0.0,6.0,3.0,72.0,71.0,0.0
12,ACAAGCGTTAATCGGAATTACTGGGCGTAAAGCGTGTGTAGGCGGTTCGGAAAGAAAGATGTGAAATCCCAGGGCTCAACCTTGGAACTGCATTTTTAACTGCCGAGCTAGAGTATGTCAGAGGGGGGTAGAATTCCACGTGTAGCAGTGAAATGCGTAGATATGTGGAGGAATACCGATGGCGAAGGCAGCCCCCTGGGATAATACTGACGCTCAGACACGAAAGCGTGGGG,5.0,15.0,19.0,22.0,23.0,0.0,3.0,1.0,2.0,3.0,1.0,6.0,3.0,18.0,8.0,15.0,1.0,0.0,1.0,3.0,10.0,3.0,5.0,1.0,6.0,5.0,1.0,4.0,1.0,2.0,1.0,7.0,3.0,11.0,2.0,2.0,4.0,1.0,4.0,5.0,4.0,8.0,3.0,3.0,1.0,19.0,10.0,2.0,4.0,14.0,6.0,8.0,3.0,2.0,15.0,12.0,3.0,7.0,9.0,5.0,3.0,12.0,7.0,3.0,5.0,3.0,18.0,3.0,2.0,3.0,3.0,1.0,3.0,9.0,5.0,10.0,1.0,6.0,10.0,2.0,8.0,4.0,6.0,7.0,3.0,7.0,6.0,10.0,3.0,5.0,7.0,2.0,4.0
13,GCAAGCGTTAATCGGAATTACTGGGCGTAAAGCGCACGCAGGCGGTCTGTCAAGTCGGATGTGAAATCCCCGGGCTCAACCTGGGAACTGCATTCGAAACTGGCAGGCTGGAGTCTTGTAGAGGGGGGTAGAATTCCAGGTGTAGCGGTGAAATGCGTAGAGATCTGGAGGAATACCGGTGGCGAAGGCGGCCCCCTGGACAAAGACTGACGCTCAGGTGCGAAAGCGTGGGG,19459.0,67512.0,64815.0,117000.0,132583.0,11568.0,25807.0,9666.0,11293.0,11535.0,12356.0,31563.0,9789.0,67199.0,24058.0,39910.0,8729.0,13619.0,13327.0,20860.0,20233.0,9428.0,28600.0,9788.0,18593.0,14763.0,9576.0,9939.0,5389.0,10024.0,18369.0,19020.0,49930.0,7863.0,16699.0,17809.0,23411.0,8085.0,9416.0,14288.0,4884.0,20084.0,6508.0,8884.0,14540.0,172696.0,43270.0,12466.0,9048.0,54657.0,82684.0,38550.0,7953.0,5537.0,43775.0,45598.0,10018.0,43117.0,56799.0,6929.0,23251.0,35815.0,89102.0,27167.0,19471.0,24125.0,58992.0,12970.0,23274.0,26281.0,55239.0,20096.0,7109.0,58858.0,19323.0,72349.0,10875.0,22183.0,50374.0,8394.0,24607.0,8016.0,16275.0,6601.0,21717.0,40227.0,66243.0,51465.0,10972.0,46294.0,20766.0,10145.0,16176.0
14,GCAAGCGTTAATCGGAATTACTGGGCGTAAAGCGCACGCAGGCAGTCTGTCAAGTCGGATGTGAAATCCCCGGGCTCAACCTGGGAACTGCATTCGAAACTGGCAGGCTAGAGTCTTGTAGAGGGGGGTAGAATTCCAGGTGTAGCGGTGAAATGCGTAGAGATCTGGAGGAATACCGGTGGCGAAGGCGGCCCCCTGGACAAAGACTGACGCTCAGGTGCGAAAGCGTGGGG,2.0,3.0,4.0,6.0,0.0,1.0,1.0,0.0,0.0,2.0,0.0,0.0,0.0,17.0,1.0,18.0,0.0,0.0,0.0,0.0,4.0,0.0,4.0,1.0,2.0,0.0,0.0,0.0,1.0,0.0,0.0,2.0,4.0,9.0,0.0,1.0,0.0,3.0,0.0,0.0,2.0,0.0,2.0,1.0,2.0,1.0,1.0,0.0,0.0,2.0,4.0,0.0,0.0,1.0,0.0,5.0,0.0,3.0,1.0,6.0,2.0,6.0,1.0,6.0,0.0,3.0,1.0,4.0,3.0,0.0,10.0,4.0,6.0,1.0,1.0,5.0,0.0,2.0,6.0,1.0,1.0,0.0,2.0,7.0,0.0,2.0,0.0,0.0,0.0,0.0,20.0,14.0,0.0
15,GCAAGCGTTACTCGGAATTACTGGGCGTAAAGCGTGCGCAGGTGGTTGTTTAAGTCTGTTGTGAAAGCCCTGGGCTCAACCTGGGAACTGCAGTGGAAACTGGACGACTAGAGTGTGGTAGAGGGTAGCGGAATTCCTGGTGTAGCAGTGAAATGCGTAGAGATCAGGAGGAACATCCATGGCGAAGGCAGCTACCTGGACCAACACTGACACTGAGGCACGAAAGCGTGGGG,5.0,0.0,0.0,0.0,0.0,0.0,1.0,0.0,0.0,0.0,0.0,0.0,0.0,8.0,13.0,0.0,0.0,0.0,0.0,0.0,0.0,0.0,0.0,0.0,0.0,0.0,0.0,0.0,1.0,0.0,0.0,0.0,0.0,0.0,0.0,0.0,0.0,4.0,0.0,0.0,0.0,0.0,0.0,0.0,0.0,0.0,0.0,0.0,0.0,34.0,0.0,0.0,0.0,0.0,0.0,0.0,0.0,0.0,0.0,0.0,0.0,0.0,1.0,0.0,0.0,0.0,0.0,0.0,0.0,0.0,28.0,0.0,0.0,1.0,0.0,0.0,0.0,0.0,44.0,4.0,0.0,0.0,1.0,0.0,4.0,1.0,0.0,0.0,0.0,0.0,0.0,0.0,0.0
16,GCAAGCGTTAATCGGAATTACTGGGCGTAAAGCGCACGCAGGCGGTTGATTAAGTTAGATGTGAAATCCCCGGGCTTAACCTGGGAATGGCATCTAAGACTGGTCAGCTAGAGTCTTGTAGAGGGGGGTAGAATTCCATGTGTAGCGGTGAAATGCGTAGAGATGTGGAGGAATACCGGTGGCGAAGGCGGCCCCCTGGACAAAGACTGACGCTCAGGTGCGAAAGCGTGGGG,33.0,58.0,23.0,63.0,77.0,82.0,115.0,36.0,14.0,154.0,5.0,20.0,2.0,76.0,824.0,25.0,7.0,16.0,4.0,6.0,230.0,3.0,9.0,1.0,19.0,5.0,109.0,158.0,0.0,2.0,9.0,36.0,116.0,12.0,18.0,18.0,3.0,63.0,1.0,81.0,1.0,3.0,56.0,12.0,14.0,37.0,25.0,36.0,11.0,677.0,38.0,7.0,32.0,79.0,22.0,27.0,8.0,75.0,23.0,13.0,49.0,23.0,78.0,46.0,9.0,205.0,162.0,5.0,26.0,9.0,516.0,11.0,6.0,50.0,9.0,335.0,5.0,12.0,414.0,35.0,30.0,1.0,8.0,23.0,100.0,18.0,84.0,30.0,24.0,11.0,17.0,19.0,32.0
17,ACAAGCGTTAATCGGAATTACTGGGCGTAAAGCGCACGCAGGCGGTCTGTCAAGTCGGATGTGAAATCCCCGGGCTCAACCTGGGAACTGCATTCGAAACTGGCAGGCTAGAGTCTTGTAGAGGGGGGTAGAATTCCAGGTGTAGCGGTGAAATGCGTAGAGATCTGGAGGAATACCGGTGGCGAAGGCGGCCCCCTGGACAAAGACTGACGCTCAGGTGCGAAAGCGTGGGG,4.0,5.0,4.0,6.0,3.0,5.0,1.0,1.0,2.0,0.0,0.0,5.0,0.0,12.0,2.0,18.0,0.0,0.0,1.0,0.0,4.0,0.0,0.0,0.0,1.0,0.0,0.0,0.0,4.0,0.0,0.0,2.0,9.0,6.0,4.0,7.0,0.0,2.0,2.0,0.0,4.0,0.0,1.0,7.0,0.0,0.0,1.0,0.0,3.0,1.0,10.0,3.0,0.0,0.0,0.0,7.0,2.0,9.0,7.0,16.0,5.0,10.0,1.0,5.0,0.0,6.0,1.0,6.0,3.0,0.0,16.0,15.0,3.0,2.0,0.0,10.0,0.0,1.0,8.0,2.0,1.0,1.0,0.0,30.0,1.0,10.0,1.0,0.0,1.0,0.0,26.0,27.0,0.0
18,GCAAGCGTTAATCGGAATTACTGGGCGTAAAGCGCACGCAGGCGGTCTGTCAAGTCGGATGTGAAATCCCCGGGCTCAACCTGGGAACTGCATTCGAAACTGGCAGGCTAGAGTCTTGTAGAGGGGGGTAGAATTCCAGGTGTAGCGGTGAAATGCGTAGAGATCTGGAGGAATACCGGTGGCGAAGGCGGCCCCCTGGACAAAGACTGACGCTCAGGTGCGAAAGCGTGGGG,5637.0,11424.0,13253.0,19056.0,1862.0,4101.0,887.0,2465.0,871.0,1218.0,422.0,5442.0,2397.0,29581.0,6642.0,41793.0,146.0,84.0,2083.0,391.0,9477.0,716.0,1391.0,389.0,1900.0,61.0,56.0,1485.0,6479.0,1252.0,321.0,2384.0,12744.0,22716.0,6604.0,4426.0,87.0,4151.0,3675.0,135.0,6181.0,72.0,5352.0,4871.0,1421.0,462.0,1359.0,25.0,319.0,2031.0,20715.0,2702.0,580.0,4201.0,222.0,7035.0,2796.0,10434.0,5314.0,23236.0,6390.0,15825.0,2165.0,5953.0,399.0,4104.0,2791.0,6758.0,1793.0,456.0,24828.0,6367.0,9407.0,2027.0,188.0,11533.0,156.0,5279.0,22435.0,1606.0,2817.0,2464.0,1568.0,37445.0,1478.0,10194.0,3169.0,355.0,3274.0,513.0,38968.0,41596.0,61.0
19,GCAAGCGTTAATCGGAATTACTGGGCGTAAAGCGCACGCAGGCGGTCTGTCAAGTCGGATGTGAAATCCCCGGGCTCAACCTGGGAACTGCATTCGAAACTGGCAGGCTGGAGTCTTGTAGAGGGGGGTAGAATTCCTGGTGTAGCGGTGAAATGCGTAGAGATCTGGAGGAATACCGGTGGCGAAGGCGGCCCCCTGGACAAAGACTGACGCTCAGGTGCGAAAGCGTGGGG,6.0,9.0,15.0,30.0,31.0,1.0,5.0,2.0,4.0,2.0,4.0,8.0,0.0,11.0,2.0,8.0,5.0,5.0,0.0,4.0,7.0,5.0,15.0,0.0,10.0,4.0,1.0,2.0,1.0,4.0,3.0,7.0,9.0,0.0,5.0,2.0,7.0,0.0,3.0,5.0,1.0,5.0,3.0,4.0,1.0,49.0,9.0,1.0,1.0,15.0,22.0,9.0,0.0,1.0,12.0,14.0,2.0,15.0,22.0,1.0,8.0,8.0,23.0,10.0,5.0,7.0,13.0,3.0,7.0,5.0,14.0,5.0,2.0,13.0,3.0,18.0,5.0,3.0,8.0,3.0,7.0,1.0,3.0,1.0,0.0,12.0,17.0,10.0,4.0,13.0,10.0,3.0,7.0
20,GCGAGCGTTAATCGGAATTACTGGGCGTAAAGCGTGCGCAGGCGGTTATGTAAGACAGATGTGAAATCCCCCGGCTCAACCTGGGAACTGCATTTGTGACTGCATGGCTAGAGTACGGTAGAGGGGGATGGAATTCCGCGTGTAGCAGTGAAATGCGTAGATATGCGGAGGAACACCGATGGCGAAGGCAATCCCCTGGACCTGTACTGACGCTCATGCACGAAAGCGTGGGG,97.0,71.0,176.0,381.0,318.0,108.0,47.0,45.0,35.0,98.0,11.0,81.0,26.0,323.0,90.0,263.0,44.0,44.0,43.0,38.0,100.0,28.0,36.0,44.0,48.0,53.0,39.0,23.0,40.0,37.0,35.0,109.0,117.0,50.0,34.0,56.0,84.0,30.0,27.0,43.0,10.0,22.0,90.0,70.0,50.0,325.0,26.0,20.0,35.0,318.0,197.0,69.0,30.0,20.0,82.0,198.0,33.0,218.0,230.0,80.0,70.0,67.0,399.0,70.0,92.0,152.0,170.0,24.0,58.0,119.0,284.0,62.0,34.0,63.0,39.0,272.0,15.0,63.0,343.0,27.0,41.0,24.0,79.0,217.0,86.0,76.0,144.0,222.0,50.0,93.0,111.0,255.0,47.0
21,GCAAGCGTTACTCGGAATTACTGGGCGTAAAGCGTGCGTAGGTGGTCGTTTAAGTCTGTTGTGAAAGCCCTGGGCTCAACCTGGGAACTGCAGTGGAAACTGGACGACTAGAGTGTGGTAGAGGGTAGCGGAATTCCTGGTGTAGCAGTGAAATGCGTAGAGATCAGGAGGAACATCCATGGCGAAGGCAGCTACCTGGACCAACACTGACACTGAGGCACGAAAGCGTGGGG,1.0,20.0,193.0,19.0,29.0,11.0,13.0,3.0,11.0,0.0,10.0,14.0,1.0,2.0,5.0,3.0,3.0,0.0,0.0,3.0,2.0,3.0,1.0,1.0,9.0,4.0,1.0,0.0,0.0,0.0,6.0,5.0,1.0,1.0,4.0,13.0,6.0,3.0,6.0,9.0,2.0,6.0,1.0,0.0,10.0,10.0,4.0,0.0,5.0,1.0,7.0,9.0,2.0,4.0,8.0,16.0,1.0,9.0,30.0,4.0,1.0,4.0,52.0,9.0,2.0,39.0,91.0,0.0,2.0,1.0,1.0,5.0,1.0,7.0,3.0,5.0,2.0,4.0,6.0,2.0,0.0,1.0,1.0,34.0,2.0,2.0,18.0,43.0,10.0,24.0,6.0,20.0,3.0
22,GCAAGCGTTAATCGGAATTACTGGGCGTAAAGCACACGCAGGCGGTCTGTCAAGTCGGATGTGAAATCCCCGGGCTCAACCTGGGAACTGCATTCGAAACTGGCAGGCTAGAGTCTTGTAGAGGGGGGTAGAATTCCAGGTGTAGCGGTGAAATGCGTAGAGATCTGGAGGAATACCGGTGGCGAAGGCGGCCCCCTGGACAAAGACTGACGCTCAGGTGCGAAAGCGTGGGG,3.0,5.0,1.0,7.0,0.0,0.0,0.0,0.0,1.0,1.0,0.0,1.0,0.0,15.0,1.0,14.0,1.0,0.0,0.0,0.0,3.0,0.0,0.0,0.0,0.0,0.0,0.0,0.0,2.0,2.0,0.0,2.0,3.0,9.0,0.0,1.0,0.0,1.0,0.0,0.0,1.0,0.0,1.0,1.0,0.0,0.0,0.0,0.0,0.0,0.0,12.0,1.0,0.0,2.0,0.0,1.0,0.0,7.0,1.0,8.0,0.0,5.0,1.0,3.0,0.0,1.0,0.0,2.0,0.0,0.0,15.0,3.0,3.0,0.0,0.0,2.0,0.0,1.0,7.0,2.0,1.0,1.0,0.0,20.0,1.0,2.0,1.0,0.0,1.0,0.0,11.0,17.0,1.0
23,GCAAGCGTTAATCGGAATTACTGGGCGTAAAGCGTGCGCAGGCGGTTATGTAAGACAGATGTGAAATCCCCGGGCTCAACCTGGGAACTGCATTCGAAACTGGCAGGCTGGAGTCTTGTAGAGGGGGGTAGAATTCCAGGTGTAGCGGTGAAATGCGTAGAGATCTGGAGGAATACCGGTGGCGAAGGCGGCCCCCTGGACAAAGACTGACGCTCAGGTGCGAAAGCGTGGGG,1.0,5.0,4.0,10.0,12.0,0.0,4.0,6.0,1.0,1.0,0.0,4.0,1.0,6.0,1.0,3.0,0.0,1.0,0.0,3.0,1.0,0.0,0.0,0.0,1.0,2.0,0.0,2.0,0.0,1.0,2.0,1.0,2.0,4.0,1.0,2.0,2.0,0.0,0.0,1.0,0.0,0.0,2.0,2.0,1.0,13.0,0.0,1.0,1.0,13.0,15.0,8.0,1.0,1.0,5.0,3.0,0.0,2.0,6.0,0.0,1.0,3.0,11.0,3.0,1.0,4.0,10.0,2.0,2.0,4.0,14.0,2.0,2.0,2.0,1.0,12.0,1.0,1.0,8.0,0.0,4.0,1.0,4.0,0.0,2.0,1.0,2.0,7.0,1.0,0.0,0.0,0.0,1.0
24,ACAAGCGTTAATCGGAATTACTGGGCGTAAAGCGCACGCAGGCGGTCTGTCAAGTCGGATGTGAAATCCCCGGGCTCAACCTGGGAACTGCATTCGAAACTGGCAGGCTGGAGTCTTGTAGAGGGGGGTAGAATTCCAGGTGTAGCGGTGAAATGCGTAGAGATCTGGAGGAATACCGGTGGCGAAGGCGGCCCCCTGGACAAAGACTGACGCTCAGGTGCGAAAGCGTGGGG,12.0,38.0,36.0,64.0,64.0,8.0,15.0,7.0,7.0,10.0,3.0,18.0,6.0,43.0,8.0,21.0,2.0,7.0,8.0,6.0,10.0,8.0,20.0,4.0,7.0,11.0,4.0,4.0,4.0,4.0,19.0,13.0,34.0,8.0,3.0,15.0,17.0,4.0,2.0,9.0,4.0,12.0,1.0,5.0,3.0,121.0,18.0,8.0,3.0,32.0,54.0,38.0,8.0,8.0,36.0,29.0,3.0,23.0,29.0,4.0,6.0,14.0,48.0,20.0,8.0,12.0,30.0,7.0,14.0,12.0,34.0,6.0,5.0,25.0,8.0,46.0,7.0,11.0,24.0,10.0,16.0,3.0,12.0,1.0,17.0,19.0,31.0,29.0,7.0,30.0,11.0,3.0,7.0
25,GCGAGCGTTAATCGGAATTACTGGGCGTAAAGCGCACGCAGGCGGTCTGTCAAGTCGGATGTGAAATCCCCGGGCTCAACCTGGGAACTGCATTCGAAACTGGCAGGCTGGAGTCTTGTAGAGGGGGGTAGAATTCCAGGTGTAGCGGTGAAATGCGTAGAGATCTGGAGGAATACCGGTGGCGAAGGCGGCCCCCTGGACAAAGACTGACGCTCAGGTGCGAAAGCGTGGGG,51.0,175.0,123.0,395.0,345.0,50.0,91.0,60.0,29.0,38.0,28.0,58.0,13.0,202.0,148.0,147.0,33.0,33.0,17.0,76.0,94.0,10.0,58.0,26.0,69.0,29.0,24.0,41.0,14.0,11.0,46.0,74.0,235.0,18.0,48.0,52.0,60.0,27.0,13.0,49.0,6.0,37.0,47.0,35.0,35.0,379.0,49.0,46.0,52.0,336.0,408.0,78.0,26.0,23.0,129.0,121.0,22.0,126.0,215.0,26.0,73.0,84.0,342.0,103.0,51.0,129.0,363.0,34.0,78.0,81.0,210.0,72.0,30.0,108.0,49.0,244.0,32.0,70.0,171.0,28.0,58.0,22.0,53.0,31.0,49.0,82.0,97.0,173.0,64.0,89.0,64.0,27.0,29.0
26,GCAAGCGTTAATCGGAATTACTGGGCGTAAAGCGCACGCAGGCGGTCTATCAAGTCGGATGTGAAATCCCCGGGCTCAACCTGGGAACTGCATTCGAAACTGGCAGGCTGGAGTCTTGTAGAGGGGGGTAGAATTCCAGGTGTAGCGGTGAAATGCGTAGAGATCTGGAGGAATACCGGTGGCGAAGGCGGCCCCCTGGACAAAGACTGACGCTCAGGTGCGAAAGCGTGGGG,5.0,39.0,18.0,70.0,64.0,3.0,15.0,3.0,8.0,11.0,7.0,20.0,1.0,37.0,15.0,19.0,4.0,20.0,7.0,13.0,5.0,9.0,14.0,6.0,7.0,6.0,7.0,2.0,1.0,0.0,12.0,13.0,33.0,5.0,12.0,8.0,9.0,3.0,9.0,10.0,5.0,7.0,2.0,3.0,15.0,103.0,36.0,14.0,3.0,34.0,35.0,27.0,6.0,3.0,21.0,27.0,4.0,21.0,26.0,1.0,11.0,26.0,41.0,12.0,16.0,14.0,19.0,8.0,11.0,15.0,19.0,13.0,8.0,38.0,10.0,36.0,4.0,15.0,28.0,5.0,10.0,6.0,10.0,3.0,16.0,20.0,44.0,27.0,7.0,26.0,7.0,3.0,25.0
27,GCAAGCGTTAATCGGAATTACTGGGCGTAAAGCGTGCGCAGGCGGTTTTGTAAGACAGATGTGAAATCCCCGGGCTCAACCTGGGAACTGCATTTGTGACTGCATGGCTAGAGTACGGTAGAGGGGGATGGAATTCCGCGTGTAGCAGTGAAATGCGTAGATATGCGGAGGAACACCGATGGCGAAGGCAATCCCCTGGACCTGTACTGACGCTCATGCACGAAAGCGTGGGG,5.0,9.0,9.0,8.0,13.0,1.0,0.0,2.0,2.0,3.0,1.0,4.0,2.0,6.0,3.0,7.0,1.0,0.0,0.0,2.0,1.0,0.0,1.0,0.0,3.0,0.0,1.0,0.0,0.0,1.0,1.0,7.0,5.0,0.0,3.0,1.0,3.0,0.0,0.0,1.0,1.0,0.0,1.0,2.0,0.0,5.0,1.0,1.0,3.0,8.0,17.0,4.0,1.0,1.0,4.0,6.0,1.0,2.0,3.0,5.0,1.0,3.0,5.0,3.0,2.0,6.0,3.0,1.0,2.0,0.0,4.0,2.0,1.0,4.0,0.0,3.0,0.0,2.0,6.0,1.0,2.0,1.0,2.0,5.0,0.0,1.0,5.0,7.0,0.0,5.0,4.0,3.0,1.0
28,GCAAGCGTTAATCGGAATTACTGGGCATAAAGCGCACGCAGGCGGTCTGTCAAGTCGGATGTGAAATCCCCGGGCTCAACCTGGGAACTGCATTCGAAACTGGCAGGCTGGAGTCTTGTAGAGGGGGGTAGAATTCCAGGTGTAGCGGTGAAATGCGTAGAGATCTGGAGGAATACCGGTGGCGAAGGCGGCCCCCTGGACAAAGACTGACGCTCAGGTGCGAAAGCGTGGGG,14.0,18.0,15.0,43.0,29.0,2.0,6.0,4.0,0.0,3.0,5.0,11.0,3.0,17.0,6.0,9.0,6.0,2.0,1.0,6.0,7.0,5.0,9.0,1.0,3.0,2.0,3.0,3.0,2.0,1.0,5.0,5.0,14.0,0.0,1.0,3.0,5.0,3.0,3.0,5.0,0.0,2.0,4.0,2.0,8.0,36.0,9.0,7.0,3.0,15.0,17.0,14.0,1.0,3.0,18.0,9.0,1.0,10.0,16.0,3.0,8.0,11.0,29.0,9.0,4.0,7.0,20.0,3.0,7.0,13.0,11.0,6.0,1.0,16.0,5.0,30.0,4.0,7.0,13.0,1.0,11.0,1.0,8.0,0.0,11.0,15.0,15.0,11.0,4.0,8.0,13.0,2.0,0.0
29,GCGAGCGTTAATCGGAATTACTGGGCGTAAAGCGTGCGCAGGCGGTTTTGTAAGACAGATGTGAAATCCCCGGGCTCAACCTGGGAACTGCATTTGTGACTGCATGGCTAGAGTACGGTAGAGGGGGATGGAATTCCGCGTGTAGCAGTGAAATGCGTAGATATGCGGAGGAACACCGATGGCGAAGGCAATCCCCTGGACCTGTACTGACGCTCATGCACGAAAGCGTGGGG,6.0,12.0,23.0,26.0,33.0,10.0,11.0,7.0,5.0,8.0,3.0,10.0,4.0,52.0,19.0,33.0,2.0,9.0,5.0,15.0,34.0,5.0,6.0,9.0,8.0,8.0,7.0,9.0,4.0,1.0,3.0,16.0,35.0,8.0,8.0,12.0,8.0,2.0,2.0,3.0,3.0,4.0,14.0,3.0,7.0,38.0,7.0,10.0,5.0,37.0,58.0,12.0,2.0,11.0,18.0,20.0,0.0,20.0,26.0,28.0,15.0,15.0,49.0,21.0,10.0,24.0,49.0,8.0,9.0,6.0,24.0,9.0,10.0,11.0,6.0,29.0,2.0,6.0,39.0,6.0,8.0,3.0,10.0,26.0,10.0,22.0,23.0,29.0,6.0,7.0,28.0,36.0,4.0
30,GCAAGCGTTAATCGGAATTACTGGGCGTAAAGCGCACGCAGGCAGTCTGTCAAGTCGGATGTGAAATCCCCGGGCTCAACCTGGGAACTGCATTCGAAACTGGCAGGCTGGAGTCTTGTAGAGGGGGGTAGAATTCCAGGTGTAGCGGTGAAATGCGTAGAGATCTGGAGGAATACCGGTGGCGAAGGCGGCCCCCTGGACAAAGACTGACGCTCAGGTGCGAAAGCGTGGGG,6.0,19.0,24.0,40.0,50.0,2.0,8.0,9.0,4.0,2.0,2.0,10.0,1.0,17.0,9.0,9.0,4.0,16.0,3.0,8.0,4.0,4.0,7.0,2.0,11.0,4.0,4.0,3.0,2.0,1.0,10.0,7.0,18.0,2.0,6.0,3.0,17.0,5.0,2.0,5.0,2.0,2.0,5.0,1.0,2.0,44.0,15.0,7.0,5.0,18.0,28.0,18.0,2.0,2.0,6.0,21.0,1.0,12.0,24.0,3.0,9.0,11.0,28.0,10.0,5.0,6.0,19.0,2.0,5.0,10.0,14.0,5.0,3.0,20.0,5.0,17.0,4.0,12.0,14.0,0.0,5.0,1.0,2.0,1.0,11.0,6.0,28.0,6.0,2.0,21.0,5.0,3.0,9.0
31,GCAAGCGTTAATCGGAATTACTGGGCGTAAAGCGCACGCAGGCGGTCTGTCAAGTCGGATGTGAAATCCCAGGGCTCAACCTGGGAACTGCATTCGAAACTGGCAGGCTGGAGTCTTGTAGAGGGGGGTAGAATTCCAGGTGTAGCGGTGAAATGCGTAGAGATCTGGAGGAATACCGGTGGCGAAGGCGGCCCCCTGGACAAAGACTGACGCTCAGGTGCGAAAGCGTGGGG,1.0,11.0,17.0,21.0,39.0,5.0,2.0,2.0,0.0,3.0,2.0,11.0,4.0,21.0,3.0,5.0,3.0,12.0,3.0,3.0,5.0,0.0,16.0,3.0,1.0,1.0,6.0,5.0,7.0,2.0,3.0,2.0,8.0,0.0,7.0,10.0,7.0,2.0,2.0,8.0,1.0,3.0,1.0,2.0,4.0,35.0,16.0,3.0,3.0,14.0,15.0,10.0,5.0,1.0,11.0,10.0,3.0,7.0,12.0,1.0,7.0,9.0,10.0,5.0,8.0,6.0,13.0,0.0,4.0,3.0,4.0,3.0,1.0,15.0,4.0,15.0,1.0,5.0,15.0,2.0,6.0,2.0,10.0,6.0,9.0,10.0,12.0,8.0,1.0,8.0,2.0,4.0,5.0
32,GCAAGCGTTAATCGGAATTACTGGGCGTAAAGCGCACGCAGGCGGTCTGTCAAGTCGGATGTGAAATCCCCGGGCTCAACCTGGGAACTGCATTCGAAACTGGCAGGCTGGAGTCTTGTAGAGGGGGGTAGAATTCCGGGTGTAGCGGTGAAATGCGTAGAGATCTGGAGGAATACCGGTGGCGAAGGCGGCCCCCTGGACAAAGACTGACGCTCAGGTGCGAAAGCGTGGGG,16.0,48.0,50.0,110.0,95.0,8.0,13.0,5.0,5.0,3.0,9.0,30.0,13.0,72.0,17.0,41.0,10.0,11.0,17.0,12.0,14.0,6.0,21.0,11.0,29.0,11.0,16.0,6.0,6.0,13.0,8.0,12.0,52.0,8.0,8.0,15.0,17.0,5.0,7.0,12.0,1.0,14.0,5.0,11.0,9.0,136.0,37.0,12.0,3.0,51.0,71.0,25.0,3.0,4.0,27.0,32.0,3.0,38.0,48.0,8.0,11.0,43.0,74.0,24.0,9.0,17.0,42.0,14.0,26.0,26.0,47.0,13.0,6.0,52.0,12.0,54.0,9.0,21.0,52.0,12.0,20.0,5.0,11.0,4.0,17.0,43.0,59.0,49.0,7.0,33.0,15.0,10.0,13.0
33,GCGAGCGTTAATCGGAATTACTGGGCGTAAAGCGTGCGCAGGCGGTTTTTTAAGACAGATGTGAAATCCCCGGGCTCAACCTGGGAACTGCATTTGTGACTGCATGGCTAGAGTACGGTAGAGGGGGATGGAATTCCGCGTGTAGCAGTGAAATGCGTAGATATGCGGAGGAACACCGATGGCGAAGGCAATCCCCTGGACCTGTACTGACGCTCATGCACGAAAGCGTGGGG,7.0,15.0,18.0,44.0,42.0,11.0,16.0,16.0,7.0,9.0,5.0,13.0,5.0,61.0,30.0,31.0,3.0,3.0,6.0,15.0,35.0,1.0,8.0,3.0,19.0,5.0,3.0,14.0,5.0,3.0,6.0,9.0,18.0,12.0,3.0,11.0,10.0,6.0,1.0,7.0,2.0,3.0,9.0,5.0,6.0,32.0,5.0,12.0,5.0,46.0,33.0,5.0,2.0,8.0,10.0,18.0,1.0,16.0,24.0,22.0,12.0,12.0,45.0,22.0,10.0,25.0,48.0,9.0,7.0,14.0,37.0,12.0,10.0,12.0,5.0,30.0,1.0,8.0,21.0,6.0,9.0,2.0,3.0,31.0,5.0,19.0,23.0,29.0,6.0,7.0,22.0,32.0,7.0
34,GCAAGCGTTAATCGGAATTACTGGGCGTAAAGCACACGCAGGCGGTCTGTCAAGTCGGATGTGAAATCCCCGGGCTCAACCTGGGAACTGCATTCGAAACTGGCAGGCTGGAGTCTTGTAGAGGGGGGTAGAATTCCAGGTGTAGCGGTGAAATGCGTAGAGATCTGGAGGAATACCGGTGGCGAAGGCGGCCCCCTGGACAAAGACTGACGCTCAGGTGCGAAAGCGTGGGG,7.0,15.0,29.0,60.0,54.0,4.0,10.0,3.0,4.0,3.0,2.0,13.0,2.0,24.0,12.0,13.0,6.0,5.0,3.0,14.0,7.0,2.0,5.0,3.0,8.0,4.0,1.0,3.0,0.0,4.0,6.0,11.0,26.0,0.0,13.0,5.0,11.0,4.0,7.0,4.0,1.0,7.0,6.0,4.0,3.0,81.0,17.0,1.0,6.0,29.0,34.0,17.0,6.0,4.0,13.0,9.0,5.0,14.0,24.0,2.0,10.0,18.0,33.0,6.0,10.0,8.0,25.0,8.0,13.0,15.0,16.0,7.0,2.0,28.0,9.0,33.0,2.0,4.0,20.0,3.0,7.0,2.0,5.0,1.0,8.0,16.0,21.0,10.0,5.0,21.0,9.0,3.0,5.0
35,GCAAGCGTTAATCGGAATTACTGGGCGTAAAGCGCACGCAGGCGGTTTGTTAAGTCAGATGTGAAATCCCCGGGCTCAACCTGGGAACTGCATCTGATACTGGCAAGCTTGAGTCTCGTAGAGGGGGGTAGAATTCCAGGTGTAGCGGTGAAATGCGTAGAGATCTGGAGGAATACCGGTGGCGAAGGCGGCCCCCTGGACGAAGACTGACGCTCAGGTGCGAAAGCGTGGGG,0.0,3.0,0.0,2.0,1.0,0.0,0.0,0.0,0.0,0.0,0.0,0.0,0.0,2.0,3.0,0.0,0.0,0.0,1.0,0.0,0.0,0.0,1.0,0.0,0.0,0.0,0.0,2.0,0.0,0.0,0.0,0.0,0.0,1.0,0.0,0.0,0.0,0.0,0.0,0.0,3.0,1.0,0.0,0.0,0.0,2.0,0.0,0.0,0.0,0.0,0.0,0.0,0.0,10.0,2.0,0.0,0.0,0.0,0.0,0.0,0.0,0.0,0.0,0.0,0.0,0.0,0.0,2.0,0.0,0.0,1.0,0.0,0.0,1.0,0.0,0.0,0.0,0.0,0.0,1.0,1.0,0.0,1.0,11.0,7.0,11.0,14.0,5.0,0.0,12.0,5.0,26.0,9.0
36,GCAAGCGTTAATCGGAATTACTGGGCGTAAAGCGCGCGTAGGTGGTCTGTCAAGTCGGATGTGAAATCCCCGGGCTCAACCTGGGAACTGCATTCGAAACTGGCAGGCTGGAGTCTTGTAGAGGGGGGTAGAATTCCAGGTGTAGCGGTGAAATGCGTAGAGATCTGGAGGAATACCGGTGGCGAAGGCGGCCCCCTGGACAAAGACTGACGCTCAGGTGCGAAAGCGTGGGG,0.0,2.0,0.0,0.0,0.0,0.0,0.0,0.0,0.0,0.0,0.0,0.0,0.0,0.0,0.0,0.0,0.0,0.0,0.0,0.0,0.0,0.0,0.0,0.0,0.0,0.0,0.0,0.0,0.0,0.0,0.0,0.0,0.0,0.0,0.0,0.0,0.0,0.0,0.0,0.0,0.0,0.0,0.0,0.0,0.0,0.0,0.0,0.0,0.0,0.0,0.0,0.0,0.0,0.0,0.0,0.0,0.0,0.0,0.0,0.0,0.0,0.0,0.0,1.0,0.0,0.0,0.0,0.0,0.0,0.0,0.0,0.0,0.0,0.0,0.0,0.0,0.0,0.0,0.0,0.0,0.0,0.0,0.0,0.0,0.0,0.0,0.0,0.0,0.0,0.0,0.0,0.0,0.0
37,GCAAGCGTTGTCCGGATTTATTGGGCGTAAAGCGAGCGCAGGCGGTTTCTTAAGTCTGATGTGAAAGCCCCCGGCTCAACCGGGGAGGGTCATTGGAAACTGGGAGACTTGAGTGCAGAAGAGGAGAGTGGAATTCCATGTGTAGCGGTGAAATGCGTAGATATATGGAGGAACACCAGTGGCGAAGGCGGCTCTCTGGTCTGTAACTGACGCTGAGGCTCGAAAGCGTGGGG,0.0,0.0,1.0,0.0,0.0,0.0,0.0,0.0,1.0,0.0,0.0,0.0,0.0,0.0,0.0,0.0,0.0,0.0,0.0,0.0,0.0,0.0,0.0,0.0,0.0,0.0,0.0,0.0,0.0,0.0,0.0,0.0,0.0,0.0,0.0,0.0,0.0,0.0,0.0,0.0,0.0,0.0,0.0,0.0,0.0,0.0,0.0,0.0,0.0,0.0,0.0,0.0,0.0,0.0,0.0,0.0,0.0,0.0,0.0,0.0,0.0,0.0,0.0,0.0,0.0,0.0,0.0,0.0,0.0,0.0,0.0,0.0,0.0,1.0,0.0,0.0,0.0,0.0,0.0,0.0,0.0,0.0,0.0,0.0,0.0,1.0,0.0,0.0,0.0,0.0,0.0,0.0,0.0
38,GCAAGCGTTACTCGGAATTACTGGGCGTAAAGCGTGCGTAGGTGGTCGTTTAAGTCCGTTGTGAAAGCCCTGGGCTCAACCTGGGAACTGCAGTGGATACTGGGCGACTAGAGTGTGGTAGAGGGTAGCGGAATTCCTGGTGTAGCAGTGAAATGCGTAGAGATCAGGAGGAACATCCATGGCGAAGGCAGCTACCTGGACCAACACTGACACTGAGGCACGAAAGCGTGGGG,0.0,0.0,68.0,369.0,156.0,27.0,40.0,22.0,41.0,0.0,1.0,41.0,46.0,153.0,14.0,236.0,11.0,34.0,22.0,49.0,0.0,21.0,103.0,15.0,21.0,0.0,6.0,0.0,0.0,41.0,20.0,135.0,0.0,144.0,58.0,6.0,0.0,0.0,25.0,2.0,0.0,27.0,25.0,4.0,8.0,241.0,6.0,1.0,3.0,0.0,56.0,39.0,17.0,1.0,3.0,226.0,24.0,136.0,163.0,1.0,2.0,117.0,190.0,60.0,13.0,62.0,72.0,57.0,92.0,74.0,6.0,0.0,37.0,0.0,32.0,0.0,5.0,2.0,9.0,0.0,44.0,54.0,28.0,0.0,14.0,197.0,202.0,3.0,63.0,0.0,216.0,216.0,36.0
39,GCAAGCGTTAATCGGAATTACTGGGCGTAAAGCGCACGCAGGCGGTTTGTTAAGTCAGATGTGAAATCCCCGGGCTCAACCTGGGAACTGCATTTGAAACTGGCAAGCTTGAGTCTTGTAGAGGGGGGTAGAATTCCAGGTGTAGCGGTGAAATGCGTAGAGATCTGGAGGAATACCGGTGGCGAAGGCGGCCCCCTGGACGAAGACTGACGCTCAGGTGCGAAAGCGTGGGG,0.0,0.0,0.0,1.0,0.0,0.0,0.0,0.0,0.0,0.0,0.0,0.0,0.0,0.0,0.0,0.0,0.0,0.0,0.0,0.0,0.0,0.0,0.0,0.0,0.0,0.0,0.0,0.0,0.0,0.0,0.0,0.0,0.0,0.0,0.0,0.0,0.0,0.0,0.0,0.0,0.0,0.0,0.0,0.0,0.0,0.0,0.0,0.0,0.0,0.0,0.0,0.0,0.0,0.0,0.0,0.0,0.0,0.0,0.0,0.0,0.0,0.0,0.0,0.0,0.0,0.0,0.0,0.0,0.0,0.0,0.0,0.0,0.0,0.0,0.0,0.0,0.0,0.0,0.0,0.0,0.0,0.0,0.0,0.0,0.0,0.0,0.0,0.0,0.0,1.0,0.0,0.0,0.0
40,GCAAGCGTTAATCGGAATTACTGGGCGTAAAGCGCACGCAGGCGGTCTGTCAAGTCGGATGTGAAATCCCCGGGCTTAACCTGGGAATGGCATCTAAGACTGGTCAGCTAGAGTCTTGTAGAGGGGGGTAGAATTCCAGGTGTAGCGGTGAAATGCGTAGAGATCTGGAGGAATACCGGTGGCGAAGGCGGCCCCCTGGACAAAGACTGACGCTCAGGTGCGAAAGCGTGGGG,0.0,0.0,0.0,0.0,1.0,0.0,0.0,0.0,0.0,0.0,0.0,0.0,0.0,0.0,0.0,0.0,0.0,0.0,0.0,0.0,0.0,0.0,0.0,0.0,0.0,0.0,0.0,0.0,0.0,0.0,0.0,0.0,0.0,0.0,0.0,0.0,0.0,0.0,0.0,0.0,0.0,0.0,0.0,0.0,0.0,0.0,0.0,0.0,0.0,0.0,0.0,0.0,0.0,0.0,0.0,0.0,0.0,2.0,0.0,0.0,0.0,0.0,0.0,0.0,0.0,1.0,0.0,0.0,0.0,0.0,0.0,0.0,0.0,0.0,0.0,0.0,0.0,0.0,0.0,0.0,1.0,0.0,0.0,0.0,0.0,0.0,0.0,0.0,0.0,0.0,0.0,0.0,0.0
41,GCAAGCGTTAATCGGAATTACTGGGCGTAAAGCGCGCGTAGGTGGTTTGGTAAGATGGATGTGAAATCCCCGGGCTCAACCTGGGAACTGCATCCATAACTGCCTGACTAGAGTACGGTAGAGGGTGGTGGAATTTCCTGTGTAGCGGTGAAATGCGTAGATATAGGAAGGAACACCAGTGGCGAAGGCGACCACCTGGACTGATACTGACACTGAGGTGCGAAAGCGTGGGG,0.0,0.0,0.0,0.0,0.0,0.0,0.0,0.0,0.0,0.0,0.0,0.0,1.0,0.0,0.0,0.0,0.0,0.0,0.0,0.0,0.0,0.0,0.0,0.0,0.0,0.0,0.0,0.0,0.0,0.0,0.0,0.0,0.0,0.0,0.0,0.0,0.0,0.0,0.0,0.0,0.0,0.0,0.0,0.0,0.0,0.0,0.0,0.0,0.0,0.0,0.0,0.0,0.0,0.0,0.0,0.0,0.0,0.0,1.0,0.0,0.0,0.0,0.0,0.0,0.0,0.0,0.0,0.0,0.0,0.0,0.0,0.0,0.0,0.0,0.0,0.0,0.0,0.0,0.0,0.0,0.0,0.0,0.0,0.0,0.0,0.0,0.0,0.0,0.0,0.0,0.0,1.0,0.0
42,GCAAGCGTTGTCCGGATTTATTGGGCGTAAAGCGCGCGCAGGCGGTCTTTTAAGTCTGATGTGAAAGCCCCCGGCTTAACCGGGGAGGGTCATTGGAAACTGGAAGACTGGAGTGCAGAAGAGGAGAGTGGAATTCCACGTGTAGCGGTGAAATGCGTAGATATGTGGAGGAACACCAGTGGCGAAGGCGACTCTCTGGTCTGTAACTGACGCTGAGGCGCGAAAGCGTGGGG,0.0,0.0,0.0,0.0,0.0,0.0,0.0,0.0,0.0,0.0,0.0,0.0,0.0,0.0,0.0,1.0,0.0,0.0,0.0,0.0,0.0,0.0,0.0,0.0,0.0,0.0,0.0,0.0,0.0,0.0,0.0,0.0,0.0,0.0,0.0,0.0,0.0,0.0,0.0,0.0,0.0,1.0,0.0,0.0,0.0,0.0,0.0,0.0,0.0,0.0,0.0,0.0,0.0,0.0,0.0,0.0,0.0,0.0,0.0,0.0,0.0,0.0,0.0,1.0,0.0,0.0,0.0,0.0,1.0,0.0,0.0,0.0,0.0,0.0,0.0,0.0,0.0,0.0,0.0,0.0,0.0,0.0,0.0,0.0,0.0,1.0,0.0,0.0,0.0,0.0,0.0,4.0,0.0
43,GCAAGCGTTAATCGGAATTACTGGGCGTAAAGCGCACGCAGGCGGTCTGTTAAGTCAGATGTGAAATCCCCGGGCTCAACCTGGGAACTGCATTTGAAACTGGCAGGCTTGAGTCTTGTAGAGGGGGGTAGAATTCCAGGTGTAGCGGTGAAATGCGTAGAGATCTGGAGGAATACCGGTGGCGAAGGCGGCCCCCTGGACAAAGACTGACGCTCAGGTGCGAAAGCGTGGGG,0.0,0.0,0.0,0.0,0.0,0.0,0.0,0.0,0.0,0.0,0.0,0.0,0.0,0.0,0.0,0.0,0.0,0.0,0.0,0.0,0.0,0.0,1.0,0.0,0.0,0.0,0.0,0.0,0.0,0.0,0.0,0.0,0.0,0.0,0.0,0.0,0.0,0.0,0.0,0.0,0.0,0.0,0.0,0.0,0.0,0.0,0.0,0.0,0.0,0.0,0.0,0.0,0.0,0.0,0.0,0.0,0.0,0.0,0.0,0.0,0.0,0.0,0.0,0.0,0.0,0.0,1.0,0.0,0.0,0.0,0.0,0.0,0.0,0.0,0.0,0.0,0.0,0.0,0.0,0.0,0.0,0.0,0.0,0.0,0.0,16.0,0.0,0.0,0.0,0.0,0.0,0.0,0.0
44,GCAAGCGTTACTCGGAATTACTGGGCGTAAAGCGTGCGTAGGTGGTCGTTTAAGTCTGTTGTGAAAGCCCTGGGCTCAACCTGGGAACTGCAGTGGAAACTGGACGACTAGAGTGTGGTAGAGGGTAGCGGAATTCCTGGTGTAGCAGTGAAATGCGTAGAGATCAGGAGGAACATCCATGGCGAAGGCAGCCCCCTGGGATAATACTGACGCTCAGACACGAAAGCGTGGGG,0.0,0.0,0.0,0.0,0.0,0.0,0.0,0.0,0.0,0.0,0.0,0.0,0.0,0.0,0.0,0.0,0.0,0.0,0.0,0.0,0.0,0.0,1.0,0.0,0.0,0.0,0.0,0.0,0.0,0.0,0.0,0.0,0.0,0.0,0.0,0.0,0.0,0.0,0.0,0.0,0.0,0.0,0.0,0.0,0.0,0.0,0.0,0.0,0.0,0.0,0.0,0.0,0.0,0.0,0.0,0.0,0.0,1.0,1.0,0.0,0.0,0.0,0.0,0.0,0.0,0.0,0.0,0.0,0.0,0.0,2.0,0.0,0.0,0.0,0.0,0.0,0.0,0.0,0.0,0.0,0.0,0.0,0.0,0.0,0.0,0.0,0.0,0.0,0.0,0.0,0.0,0.0,0.0
45,GCAAGCGTTAATCGGAATTACTGGGCGTAAAGCGCGCGTAGGTGGTTTGTTAAGTTGGATGTGAAATCCCCGGGCTCAACCTGGGAACTGCATTCAAAACTGACTGACTAGAGTATGGTAGAGGGTGGTGGAATTTCCTGTGTAGCGGTGAAATGCGTAGATATAGGAAGGAACACCAGTGGCGAAGGCGACCACCTGGACTAATACTGACACTGAGGTGCGAAAGCGTGGGG,0.0,0.0,0.0,0.0,0.0,0.0,0.0,0.0,0.0,0.0,0.0,0.0,0.0,0.0,0.0,0.0,0.0,0.0,0.0,0.0,0.0,0.0,0.0,1.0,0.0,0.0,0.0,0.0,0.0,0.0,0.0,0.0,0.0,0.0,0.0,0.0,0.0,0.0,0.0,0.0,0.0,0.0,0.0,0.0,0.0,0.0,0.0,0.0,0.0,0.0,0.0,0.0,0.0,0.0,0.0,0.0,0.0,0.0,0.0,0.0,0.0,0.0,0.0,0.0,1.0,0.0,0.0,0.0,0.0,0.0,0.0,0.0,0.0,0.0,0.0,0.0,0.0,0.0,0.0,0.0,0.0,0.0,1.0,0.0,0.0,0.0,0.0,0.0,0.0,0.0,0.0,0.0,0.0
46,GCGAGCGTTATCCGGAATTATTGGGCGTAAAGAGCTCGTAGGCGGTTTGTCGCGTCTGTCGTGAAAGTCCGGGGCTTAACCCCGGATCTGCGGTGGGTACGGGCAGACTAGAGTGCAGTAGGGGAGACTGGAATTCCTGGTGTAGCGGTGGAATGCGCAGATATCAGGAGGAACACCGATGGCGAAGGCAGGTCTCTGGGCTGTAACTGACGCTGAGGAGCGAAAGCATGGGG,0.0,0.0,0.0,0.0,0.0,0.0,0.0,0.0,0.0,0.0,0.0,0.0,0.0,0.0,0.0,0.0,0.0,0.0,0.0,0.0,0.0,0.0,0.0,0.0,0.0,0.0,0.0,0.0,0.0,0.0,0.0,1.0,0.0,0.0,0.0,0.0,0.0,0.0,0.0,0.0,0.0,0.0,0.0,0.0,0.0,0.0,0.0,0.0,0.0,0.0,0.0,0.0,0.0,0.0,0.0,0.0,0.0,0.0,0.0,0.0,0.0,0.0,0.0,0.0,0.0,0.0,0.0,0.0,0.0,0.0,0.0,0.0,0.0,0.0,0.0,0.0,0.0,0.0,0.0,0.0,0.0,0.0,0.0,0.0,0.0,0.0,0.0,0.0,0.0,0.0,0.0,0.0,0.0
47,GCAAGCGTTATCCGGAATTATTGGGCGTAAAGCGCGCGTAGGCGGTTTTTTAAGTCTGATGTGAAAGCCCACGGCTCAACCGTGGAGGGTCATTGGAAACTGGAAAACTTGAGTGCAGAAGAGGAAAGTGGAATTCCATGTGTAGCGGTGAAATGCGCAGAGATATGGAGGAACACCAGTGGCGAAGGCGACTTTCTGGTCTGTAACTGACGCTGATGTGCGAAAGCGTGGGG,0.0,0.0,0.0,0.0,0.0,0.0,0.0,0.0,0.0,0.0,0.0,0.0,0.0,0.0,0.0,0.0,0.0,0.0,0.0,0.0,0.0,0.0,0.0,0.0,0.0,0.0,0.0,0.0,0.0,0.0,0.0,2.0,0.0,0.0,0.0,0.0,0.0,0.0,0.0,0.0,0.0,0.0,0.0,0.0,0.0,0.0,0.0,0.0,0.0,0.0,0.0,0.0,0.0,0.0,0.0,0.0,0.0,0.0,0.0,0.0,0.0,0.0,0.0,0.0,0.0,0.0,0.0,1.0,0.0,0.0,0.0,0.0,0.0,0.0,0.0,0.0,0.0,0.0,0.0,0.0,0.0,0.0,0.0,0.0,0.0,5.0,2.0,1.0,0.0,0.0,1.0,1.0,2.0
48,GCAAGCGTTAATCGGAATTACTGGGCGTAAAGCGCACGCAGGCGGTCTGTCAAGTCGGATGTGAAATCCCCGGGCTCAACCTGGGAACTGCATTCGAAACTGGCAGGCTTGAGTCTTGTAGAGGGGGGGAGAATTCCAGGTGTAGCGGTGAAATGCGTAGAGATCTGGAGGAATACCGGTGGCGAAGGCGGCCCCCTGGACAAAGACTGACGCTCAGGTGCGAAAGCGTGGGG,0.0,0.0,0.0,0.0,0.0,0.0,0.0,0.0,0.0,0.0,0.0,0.0,0.0,0.0,0.0,0.0,0.0,0.0,0.0,0.0,0.0,0.0,0.0,0.0,0.0,0.0,0.0,0.0,0.0,0.0,0.0,0.0,0.0,0.0,0.0,0.0,0.0,0.0,0.0,0.0,0.0,1.0,0.0,0.0,0.0,0.0,0.0,0.0,0.0,0.0,0.0,0.0,0.0,0.0,0.0,0.0,0.0,0.0,0.0,0.0,0.0,0.0,0.0,0.0,0.0,0.0,0.0,0.0,0.0,0.0,0.0,0.0,0.0,0.0,0.0,0.0,0.0,0.0,0.0,0.0,0.0,0.0,0.0,0.0,1.0,0.0,0.0,0.0,0.0,0.0,0.0,0.0,2.0
49,GCAAGCGTTAATCGGAATTACTGGGCGTAAAGCGCACGCAGGCGGTCTGTCAAGTCGGATGTGAAATCCCCGGGCTCAACCTGGGAACTGCATTCGAAACTGGCAGGCTTGAGTCTTGTAGAGGGGGGTAGAATTCCAGGTGTAGCGGTGAAATGCGTAGAGATCTGGAGGAATACCGGTGGCGAAGGCGGCCCCCTGGACGAAGACTGACGCTCAGGTGCGAAAGCGTGGGG,0.0,0.0,0.0,0.0,0.0,0.0,0.0,0.0,0.0,0.0,0.0,0.0,0.0,0.0,0.0,0.0,0.0,0.0,0.0,0.0,0.0,0.0,0.0,0.0,0.0,0.0,0.0,0.0,0.0,0.0,0.0,0.0,0.0,0.0,0.0,0.0,0.0,0.0,0.0,0.0,0.0,0.0,0.0,0.0,0.0,0.0,0.0,0.0,0.0,1.0,0.0,1.0,0.0,0.0,0.0,0.0,0.0,0.0,0.0,0.0,0.0,0.0,0.0,0.0,0.0,1.0,0.0,0.0,0.0,0.0,0.0,0.0,0.0,0.0,0.0,0.0,0.0,0.0,0.0,2.0,0.0,0.0,0.0,0.0,0.0,0.0,0.0,0.0,0.0,0.0,0.0,1.0,0.0
50,GCAAGCGTTAATCGGAATTACTGGGCGTAAAGCGCGCGTAGGTGGTTCGTTAAGTTGGATGTGAAATCCCCGGGCTCAACCTGGGAACTGCATTCAAAACTGACGAGCTAGAGTATGGTAGAGGGTGGTGGAATTTCCTGTGTAGCGGTGAAATGCGTAGATATAGGAAGGAACACCAGTGGCGAAGGCGACCACCTGGACTGATACTGACACTGAGGTGCGAAAGCGTGGGG,0.0,0.0,0.0,0.0,0.0,0.0,0.0,0.0,0.0,0.0,0.0,0.0,0.0,0.0,0.0,0.0,0.0,0.0,0.0,0.0,0.0,0.0,0.0,0.0,0.0,0.0,0.0,0.0,0.0,0.0,0.0,0.0,0.0,0.0,0.0,0.0,0.0,0.0,0.0,0.0,0.0,0.0,0.0,0.0,0.0,0.0,0.0,0.0,0.0,1.0,0.0,0.0,0.0,0.0,0.0,0.0,0.0,0.0,0.0,0.0,0.0,0.0,0.0,0.0,0.0,0.0,0.0,0.0,0.0,0.0,0.0,0.0,0.0,0.0,0.0,0.0,0.0,0.0,0.0,0.0,0.0,0.0,0.0,0.0,0.0,0.0,0.0,0.0,0.0,0.0,0.0,0.0,0.0
51,GCAAGCGTTAATCGGAATTACTGGGCGTAAAGCGCGCGTAGGTGGTTCAGCAAGTTGGATGTGAAATCCCCGGGCTCAACCTGGGAACTGCATCCAAAACTACTGAGCTAGAGTACGGTAGAGGGTGGTGGAATTTCCTGTGTAGCGGTGAAATGCGTAGATATAGGAAGGAACACCAGTGGCGAAGGCGACCACCTGGACTGATACTGACACTGAGGTGCGAAAGCGTGGGG,0.0,0.0,0.0,0.0,0.0,0.0,0.0,0.0,0.0,0.0,0.0,0.0,0.0,0.0,0.0,0.0,0.0,0.0,0.0,0.0,0.0,0.0,0.0,0.0,0.0,0.0,0.0,0.0,0.0,0.0,0.0,0.0,0.0,0.0,0.0,0.0,0.0,0.0,0.0,0.0,0.0,0.0,0.0,0.0,0.0,0.0,0.0,0.0,0.0,0.0,0.0,0.0,0.0,0.0,2.0,0.0,0.0,0.0,0.0,0.0,0.0,0.0,0.0,0.0,0.0,0.0,0.0,0.0,0.0,0.0,0.0,0.0,0.0,0.0,0.0,0.0,0.0,0.0,0.0,0.0,0.0,0.0,0.0,0.0,1.0,1.0,2.0,0.0,0.0,0.0,1.0,0.0,0.0
52,GCAAGCGTTGTCCGGAATTACTGGGCGTAAAGAGCTCGTAGGTGGTTTGTCGCGTCGTCTGTGAAATCCCGGGGCTTAACTCCGGGTCTGCAGGCGATACGGGCATAACTAGAGTGCTGTAGGGGAGACTGGAATTCCTGGTGTAGCGGTGAAATGCGCAGATATCAGGAGGAACACCGATGGCGAAGGCAGGTCTCTGGGCAGTAACTGACGCTGAGGAGCGAAAGCATGGGG,0.0,0.0,0.0,0.0,0.0,0.0,0.0,0.0,0.0,0.0,0.0,0.0,0.0,0.0,0.0,0.0,0.0,0.0,0.0,0.0,0.0,0.0,0.0,0.0,0.0,0.0,0.0,0.0,0.0,0.0,0.0,0.0,0.0,0.0,0.0,0.0,0.0,0.0,0.0,0.0,0.0,0.0,0.0,0.0,0.0,0.0,0.0,0.0,0.0,0.0,0.0,0.0,0.0,0.0,0.0,0.0,0.0,0.0,0.0,0.0,0.0,0.0,0.0,1.0,0.0,0.0,0.0,0.0,0.0,0.0,0.0,0.0,0.0,0.0,0.0,0.0,0.0,0.0,0.0,0.0,0.0,0.0,0.0,0.0,0.0,0.0,0.0,0.0,0.0,0.0,0.0,0.0,0.0
53,GCAAGCGTTAATCGGAATTACTGGGCGTAAAGCGCACGCAGGCGGTTTGTTAAGTCAGATGTGAAATCCCCGGGCTCAACCTGGGAACTGCATTTGATACTGGCAAGCTTGAGTCTCGTAGAGGGGGGTAGAATTCCAGGTGTAGCGGTGAAATGCGTAGAGATCTGGAGGAATACCGGTGGCGAAGGCGGCCCCCTGGACGAAGACTGACGCTCAGGTGCGAAAGCGTGGGG,0.0,0.0,0.0,0.0,0.0,0.0,0.0,0.0,0.0,0.0,0.0,0.0,0.0,0.0,0.0,0.0,0.0,0.0,0.0,0.0,0.0,0.0,0.0,0.0,0.0,0.0,0.0,0.0,0.0,0.0,0.0,0.0,0.0,0.0,0.0,0.0,0.0,0.0,0.0,0.0,0.0,0.0,0.0,0.0,0.0,0.0,0.0,0.0,0.0,0.0,0.0,0.0,0.0,0.0,0.0,0.0,0.0,0.0,0.0,0.0,0.0,0.0,0.0,0.0,0.0,0.0,0.0,0.0,0.0,0.0,0.0,0.0,0.0,0.0,0.0,0.0,0.0,0.0,0.0,0.0,0.0,0.0,0.0,0.0,1.0,0.0,0.0,1.0,0.0,2.0,0.0,0.0,0.0
54,GCAAGCGTTATCCGGATTTATTGGGCGTAAAGAGAGTGCAGGCGGTTTTCTAAGTCTGATGTGAAAGCCTTCGGCTTAACCGGAGAAGTGCATCGGAAACTGGATAACTTGAGTGCAGAAGAGGGTAGTGGAACTCCATGTGTAGCGGTGGAATGCGTAGATATATGGAAGAACACCAGTGGCGAAGGCGGCTACCTGGTCTGCAACTGACGCTGAGACTCGAAAGCATGGGT,0.0,0.0,0.0,0.0,0.0,0.0,0.0,0.0,0.0,0.0,0.0,0.0,0.0,0.0,0.0,0.0,0.0,0.0,0.0,0.0,0.0,0.0,0.0,0.0,0.0,0.0,0.0,0.0,0.0,0.0,0.0,0.0,0.0,0.0,0.0,0.0,0.0,0.0,0.0,0.0,0.0,0.0,0.0,0.0,0.0,0.0,0.0,0.0,0.0,0.0,0.0,0.0,0.0,0.0,0.0,0.0,0.0,0.0,0.0,0.0,0.0,0.0,0.0,0.0,0.0,0.0,0.0,0.0,0.0,0.0,0.0,0.0,0.0,0.0,0.0,0.0,0.0,0.0,0.0,0.0,0.0,0.0,0.0,0.0,0.0,1.0,0.0,0.0,0.0,0.0,0.0,0.0,0.0
55,GCAAGCGTTGTCCGGAATTATTGGGCGTAAAGGGCTCGCAGGCGGTTCCTTAAGTCTGATGTGAAAGCCCCCGGCTCAACCGGGGAGGGTCATTGGAAACTGGGGAACTTGAGTGCAGAAGAGGAGAGTGGAATTCCACGTGTAGCGGTGAAATGCGTAGAGATGTGGAGGAACACCAGTGGCGAAGGCGACTCTCTGGTCTGTAACTGACGCTGAGGAGCGAAAGCGTGGGG,0.0,0.0,0.0,0.0,0.0,0.0,0.0,0.0,0.0,0.0,0.0,0.0,0.0,0.0,0.0,0.0,0.0,0.0,0.0,0.0,0.0,0.0,0.0,0.0,0.0,0.0,0.0,0.0,0.0,0.0,0.0,0.0,0.0,0.0,0.0,0.0,0.0,0.0,0.0,0.0,0.0,0.0,0.0,0.0,0.0,0.0,0.0,0.0,0.0,0.0,0.0,0.0,0.0,0.0,0.0,0.0,0.0,0.0,0.0,0.0,0.0,0.0,0.0,0.0,0.0,0.0,0.0,0.0,0.0,0.0,0.0,0.0,0.0,0.0,0.0,0.0,0.0,0.0,0.0,0.0,0.0,0.0,0.0,0.0,0.0,5.0,0.0,0.0,0.0,0.0,0.0,1.0,0.0
56,GCAAGCGTTATCTGGAATGATTGGGCGTAAGGCGTCTGTAGGTGGCTTTTCAAGTCCGCCGTCCAATCCCAGGGCTCAACCCTGGACAGGCGGTGGAAACTACCAAGCTGGAGTACGGTAGGGGCAGAGGGAATTTCCGGTGGAGCGGTGAAATGCGTAGAGATCGGAAAGAACACCAACGGCGAAAGCACCCTGCTGGGCCGACACTGACACTGAGAGACGAAAGCTAGGGG,0.0,0.0,0.0,0.0,0.0,0.0,0.0,0.0,0.0,0.0,0.0,0.0,0.0,0.0,0.0,0.0,0.0,0.0,0.0,0.0,0.0,0.0,0.0,0.0,0.0,0.0,0.0,0.0,0.0,0.0,0.0,0.0,0.0,0.0,0.0,0.0,0.0,0.0,0.0,0.0,0.0,0.0,0.0,0.0,0.0,0.0,0.0,0.0,0.0,0.0,0.0,0.0,0.0,0.0,0.0,0.0,0.0,0.0,0.0,0.0,0.0,0.0,0.0,0.0,0.0,0.0,0.0,0.0,0.0,0.0,0.0,0.0,0.0,0.0,0.0,0.0,0.0,0.0,0.0,0.0,0.0,0.0,0.0,0.0,0.0,0.0,1.0,0.0,0.0,0.0,0.0,0.0,0.0
