,ASVs ,No_migration.40.T18.R4,No_migration.40.T18.R5,No_migration.40.T18.R6,No_migration.40.T18.R7,No_migration.40.T18.R8,No_migration.40.T18.R9,No_migration.40.T18.R10,No_migration.40.T18.R11,No_migration.40.T18.R12,No_migration.40.T18.R13,No_migration.40.T18.R14,No_migration.40.T18.R15,No_migration.40.T18.R16,No_migration.40.T18.R17,No_migration.40.T18.R18,No_migration.40.T18.R19,No_migration.40.T18.R20,No_migration.40.T18.R21,No_migration.40.T18.R22,No_migration.40.T18.R23,No_migration.40.T18.R24,No_migration.40.T18.R25,No_migration.40.T18.R26,No_migration.40.T18.R27,No_migration.40.T18.R28,No_migration.40.T18.R29,No_migration.40.T18.R30,No_migration.40.T18.R31,No_migration.40.T18.R32,No_migration.40.T18.R33,No_migration.40.T18.R34,No_migration.40.T18.R35,No_migration.40.T18.R36,No_migration.40.T18.R37,No_migration.40.T18.R38,No_migration.40.T18.R39,No_migration.40.T18.R40,No_migration.40.T18.R41,No_migration.40.T18.R42,No_migration.40.T18.R43,No_migration.40.T18.R44,No_migration.40.T18.R45,No_migration.40.T18.R46,No_migration.40.T18.R47,No_migration.40.T18.R48,No_migration.40.T18.R49,No_migration.40.T18.R50,No_migration.40.T18.R51,No_migration.40.T18.R52,No_migration.40.T18.R53,No_migration.40.T18.R54,No_migration.40.T18.R55,No_migration.40.T18.R56,No_migration.40.T18.R57,No_migration.40.T18.R58,No_migration.40.T18.R59,No_migration.40.T18.R60,No_migration.40.T18.R61,No_migration.40.T18.R62,No_migration.40.T18.R63,No_migration.40.T18.R64,No_migration.40.T18.R65,No_migration.40.T18.R66,No_migration.40.T18.R67,No_migration.40.T18.R68,No_migration.40.T18.R69,No_migration.40.T18.R70,No_migration.40.T18.R71,No_migration.40.T18.R72,No_migration.40.T18.R73,No_migration.40.T18.R74,No_migration.40.T18.R75,No_migration.40.T18.R76,No_migration.40.T18.R77,No_migration.40.T18.R78,No_migration.40.T18.R79,No_migration.40.T18.R80,No_migration.40.T18.R81,No_migration.40.T18.R82,No_migration.40.T18.R83,No_migration.40.T18.R84,No_migration.40.T18.R85,No_migration.40.T18.R86,No_migration.40.T18.R87,No_migration.40.T18.R88,No_migration.40.T18.R89,No_migration.40.T18.R90,No_migration.40.T18.R91,No_migration.40.T18.R92,No_migration.40.T18.R93,No_migration.40.T18.R1,No_migration.40.T18.R2,No_migration.40.T18.R3
0,GCAAGCGTTAATCGGAATTACTGGGCGTAAAGCGCACGCAGGCGGTCTGTCAAGTCGGATGTGAAATCCCGGGGCTCAACCTGGGAACTGCATTCGAAACTGGCAGGCTGGAGTCTTGTAGAGGGGGGTAGAATTCCAGGTGTAGCGGTGAAATGCGTAGAGATCTGGAGGAATACCGGTGGCGAAGGCGGCCCCCTGGACAAAGACTGACGCTCAGGTGCGAAAGCGTGGGG,2.0,4.0,2.0,4.0,5.0,4.0,2.0,10.0,1.0,7.0,12.0,10.0,13.0,2.0,5.0,5.0,1.0,4.0,3.0,5.0,7.0,7.0,13.0,12.0,5.0,3.0,3.0,1.0,2.0,2.0,2.0,5.0,5.0,8.0,3.0,5.0,5.0,7.0,11.0,5.0,2.0,5.0,0.0,4.0,12.0,10.0,6.0,2.0,1.0,4.0,0.0,3.0,1.0,0.0,3.0,1.0,1.0,8.0,16.0,15.0,1.0,4.0,6.0,3.0,5.0,4.0,1.0,4.0,9.0,6.0,24.0,13.0,10.0,19.0,9.0,12.0,21.0,2.0,13.0,8.0,10.0,3.0,0.0,3.0,1.0,5.0,2.0,0.0,6.0,6.0,7.0,4.0,10.0
1,GCAAGCGTTAATCGGAATTACTGGGCGTAAAGCGCACGCAGGCAGTCTGTCAAGTCGGATGTGAAATCCCCGGGCTCAACCTGGGAACTGCATTCGAAACTGGCAGGCTGGAGTCTTGTAGAGGGGGGTAGAATTCCAGGTGTAGCGGTGAAATGCGTAGAGATCTGGAGGAATACCGGTGGCGAAGGCGGCCCCCTGGACAAAGACTGACGCTCAGGTGCGAAAGCGTGGGG,7.0,3.0,2.0,3.0,4.0,3.0,6.0,6.0,3.0,6.0,4.0,6.0,2.0,4.0,3.0,3.0,3.0,1.0,3.0,2.0,4.0,5.0,5.0,5.0,1.0,3.0,2.0,1.0,3.0,2.0,3.0,5.0,7.0,8.0,10.0,7.0,1.0,8.0,3.0,4.0,0.0,7.0,1.0,10.0,11.0,6.0,8.0,1.0,0.0,1.0,1.0,2.0,3.0,1.0,1.0,0.0,0.0,8.0,13.0,11.0,3.0,2.0,2.0,2.0,3.0,4.0,1.0,3.0,5.0,8.0,10.0,12.0,7.0,13.0,3.0,2.0,18.0,6.0,4.0,6.0,10.0,6.0,2.0,4.0,2.0,8.0,0.0,2.0,7.0,3.0,3.0,6.0,7.0
2,GCAAGCGTTAATCGGAATTACTGGGCATAAAGCGCACGCAGGCGGTCTGTCAAGTCGGATGTGAAATCCCCGGGCTCAACCTGGGAACTGCATTCGAAACTGGCAGGCTGGAGTCTTGTAGAGGGGGGTAGAATTCCAGGTGTAGCGGTGAAATGCGTAGAGATCTGGAGGAATACCGGTGGCGAAGGCGGCCCCCTGGACAAAGACTGACGCTCAGGTGCGAAAGCGTGGGG,5.0,7.0,3.0,4.0,3.0,3.0,0.0,7.0,2.0,12.0,4.0,1.0,4.0,6.0,3.0,3.0,2.0,6.0,1.0,2.0,2.0,4.0,4.0,4.0,0.0,2.0,3.0,2.0,5.0,6.0,0.0,1.0,3.0,7.0,8.0,6.0,2.0,2.0,6.0,4.0,5.0,2.0,5.0,4.0,8.0,3.0,7.0,0.0,1.0,1.0,1.0,0.0,1.0,0.0,0.0,0.0,2.0,3.0,18.0,5.0,1.0,0.0,0.0,3.0,1.0,2.0,1.0,3.0,0.0,7.0,13.0,13.0,7.0,8.0,4.0,4.0,11.0,2.0,5.0,6.0,5.0,4.0,2.0,0.0,4.0,3.0,1.0,0.0,0.0,1.0,11.0,4.0,8.0
3,GCAAGCGTTAATCGGAATTACTGGGCGTAAAGCACACGCAGGCGGTCTGTCAAGTCGGATGTGAAATCCCCGGGCTCAACCTGGGAACTGCATTCGAAACTGGCAGGCTGGAGTCTTGTAGAGGGGGGTAGAATTCCAGGTGTAGCGGTGAAATGCGTAGAGATCTGGAGGAATACCGGTGGCGAAGGCGGCCCCCTGGACAAAGACTGACGCTCAGGTGCGAAAGCGTGGGG,6.0,7.0,1.0,4.0,10.0,3.0,4.0,3.0,4.0,9.0,4.0,4.0,7.0,4.0,8.0,6.0,6.0,4.0,0.0,2.0,5.0,6.0,11.0,11.0,6.0,1.0,3.0,4.0,2.0,1.0,2.0,3.0,11.0,10.0,8.0,4.0,2.0,8.0,8.0,2.0,0.0,4.0,3.0,2.0,11.0,7.0,12.0,4.0,2.0,3.0,3.0,0.0,3.0,0.0,3.0,1.0,2.0,5.0,13.0,9.0,10.0,3.0,3.0,2.0,3.0,2.0,2.0,1.0,3.0,10.0,18.0,9.0,8.0,10.0,6.0,6.0,10.0,4.0,16.0,10.0,5.0,5.0,7.0,3.0,1.0,4.0,2.0,1.0,1.0,0.0,4.0,9.0,7.0
4,GCAAGCGTTAATCGGAATTACTGGGCGTAAAGCGCACGCAGGCGGTCTGTCAAGTCGGATGTGAAATCCCCGGGCTCAACCTGGGAACTGCATTCGAAACTGGCAGGCTAGAGTCTTGTAGAGGGGGGTAGAATTCCAGGTGTAGCGGTGAAATGCGTAGAGATCTGGAGGAATACCGGTGGCGAAGGCGGCCCCCTGGACAAAGACTGACGCTCAGGTGCGAAAGCGTGGGG,9.0,9.0,5.0,3.0,8.0,26.0,35.0,51.0,15.0,22.0,8.0,19.0,8.0,4.0,8.0,6.0,7.0,18.0,15.0,27.0,9.0,14.0,10.0,16.0,12.0,2.0,7.0,2.0,5.0,22.0,22.0,22.0,21.0,11.0,15.0,9.0,4.0,6.0,10.0,3.0,13.0,22.0,28.0,23.0,29.0,13.0,12.0,6.0,5.0,3.0,4.0,6.0,7.0,6.0,6.0,10.0,7.0,7.0,40.0,24.0,6.0,8.0,17.0,4.0,8.0,16.0,19.0,25.0,14.0,23.0,42.0,20.0,12.0,22.0,12.0,3.0,36.0,21.0,28.0,34.0,25.0,84.0,5.0,29.0,2.0,1.0,6.0,3.0,7.0,15.0,18.0,13.0,24.0
5,GCAAGCGTTAATCGGAATTACTGGGCGTAAAGCGCGCGTAGGTGGTTCGTTAAGTTGGATGTGAAAGCCCCGGGCTCAACCTGGGAACTGCATCCAAAACTGGCGAGCTAGAGTACGGTAGAGGGTGGTGGAATTTCCTGTGTAGCGGTGAAATGCGTAGATATAGGAAGGAACACCAGTGGCGAAGGCGACCACCTGGACTGATACTGACACTGAGGTGCGAAAGCGTGGGG,823.0,592.0,389.0,702.0,508.0,108.0,539.0,605.0,352.0,2007.0,683.0,1744.0,220.0,88.0,409.0,265.0,225.0,14.0,30.0,510.0,1204.0,20.0,80.0,12.0,46.0,765.0,616.0,818.0,819.0,996.0,2904.0,435.0,755.0,988.0,514.0,956.0,822.0,275.0,1823.0,1007.0,147.0,401.0,1781.0,743.0,3947.0,509.0,758.0,104.0,74.0,178.0,63.0,259.0,276.0,76.0,131.0,254.0,16.0,56.0,2618.0,2667.0,648.0,548.0,13.0,435.0,31.0,155.0,304.0,208.0,635.0,1327.0,4337.0,1196.0,2120.0,1738.0,156.0,304.0,2380.0,565.0,156.0,1450.0,1563.0,677.0,167.0,553.0,175.0,355.0,135.0,0.0,585.0,144.0,1867.0,266.0,1.0
6,GCAAGCGTTAATCGGAATTACTGGGCGTAAAGCGCACGCAGGCGGTCTGTCAAGTCGGATGTGAAATCCCAGGGCTCAACCTGGGAACTGCATTCGAAACTGGCAGGCTGGAGTCTTGTAGAGGGGGGTAGAATTCCAGGTGTAGCGGTGAAATGCGTAGAGATCTGGAGGAATACCGGTGGCGAAGGCGGCCCCCTGGACAAAGACTGACGCTCAGGTGCGAAAGCGTGGGG,3.0,1.0,2.0,1.0,2.0,1.0,0.0,0.0,1.0,1.0,1.0,4.0,1.0,0.0,4.0,1.0,1.0,1.0,0.0,2.0,3.0,2.0,5.0,1.0,0.0,0.0,0.0,0.0,1.0,2.0,0.0,1.0,1.0,1.0,2.0,1.0,0.0,2.0,2.0,0.0,1.0,0.0,0.0,2.0,1.0,2.0,0.0,0.0,0.0,0.0,0.0,0.0,2.0,0.0,1.0,0.0,1.0,3.0,4.0,8.0,0.0,0.0,0.0,0.0,1.0,1.0,1.0,1.0,0.0,6.0,5.0,4.0,0.0,5.0,0.0,0.0,2.0,1.0,1.0,2.0,10.0,3.0,1.0,0.0,0.0,1.0,0.0,0.0,0.0,0.0,3.0,0.0,3.0
7,GCAAGCGTTAATCGGAATTACTGGGCGTAAAGCGCGCGTAGGCGGTTCGTTAAGTCGGATGTGAAAGCCCCGGGCTCAACCTGGGAACTGCATCCAAAACTGGCGAGCTAGAGTACGGTAGAGGGTGGTGGAATTTCCTGTGTAGCGGTGAAATGCGTAGATATAGGAAGGAACACCAGTGGCGAAGGCGACCACCTGGACTGATACTGACACTGAGGTGCGAAAGCGTGGGG,2.0,0.0,0.0,1.0,2.0,1.0,1.0,2.0,0.0,8.0,5.0,6.0,1.0,0.0,0.0,0.0,1.0,0.0,0.0,1.0,5.0,0.0,1.0,0.0,0.0,1.0,0.0,2.0,4.0,8.0,8.0,0.0,4.0,4.0,0.0,3.0,4.0,0.0,7.0,2.0,0.0,1.0,7.0,0.0,12.0,1.0,2.0,0.0,0.0,0.0,0.0,1.0,1.0,1.0,0.0,0.0,0.0,0.0,11.0,7.0,0.0,2.0,0.0,1.0,0.0,0.0,0.0,1.0,2.0,3.0,9.0,3.0,3.0,3.0,0.0,0.0,3.0,1.0,1.0,4.0,3.0,1.0,0.0,0.0,0.0,1.0,0.0,0.0,1.0,0.0,9.0,0.0,0.0
8,GCAAGCGTTAATCGGAATTACTGGGCGTAAAGCGCACGCAGGCGGTCTGTCAAGTCGGATGTGAAATCCCCGGGCTCAACCTGGGAACTGCATTCGAAACTGGCAGGCTGGAGTCTTGTAGAGGGGGGTAGAATTCCGGGTGTAGCGGTGAAATGCGTAGAGATCTGGAGGAATACCGGTGGCGAAGGCGGCCCCCTGGACAAAGACTGACGCTCAGGTGCGAAAGCGTGGGG,13.0,8.0,6.0,9.0,5.0,7.0,8.0,5.0,11.0,35.0,14.0,20.0,9.0,7.0,8.0,5.0,8.0,5.0,6.0,2.0,7.0,17.0,7.0,21.0,11.0,3.0,2.0,6.0,2.0,15.0,3.0,3.0,18.0,20.0,21.0,12.0,6.0,19.0,8.0,7.0,4.0,17.0,12.0,16.0,34.0,7.0,14.0,7.0,1.0,1.0,2.0,3.0,2.0,2.0,4.0,0.0,4.0,6.0,40.0,30.0,7.0,4.0,3.0,8.0,3.0,10.0,3.0,6.0,7.0,17.0,59.0,21.0,21.0,33.0,14.0,6.0,24.0,6.0,26.0,14.0,30.0,12.0,5.0,16.0,3.0,3.0,3.0,3.0,5.0,5.0,16.0,11.0,29.0
9,GCAAGCGTTAATCGGAATTACTGGGCGTAAAGCGCACGCAGGCGGTTGATTAAGTTAGATGTGAAATCCCCGGGCTTAACCTGGGAATGGCATCTAAGACTGGTCAGCTAGAGTCTTGTAGAGGGGGGTAGAATTCCATGTGTAGCGGTGAAATGCGTAGAGATGTGGAGGAATACCGGTGGCGAAGGCGGCCCCCTGGACAAAGACTGACGCTCAGGTGCGAAAGCGTGGGG,15.0,18.0,14.0,15.0,24.0,11.0,14.0,6.0,9.0,39.0,21.0,37.0,22.0,20.0,19.0,17.0,16.0,24.0,15.0,6.0,9.0,17.0,14.0,18.0,7.0,6.0,16.0,20.0,14.0,39.0,15.0,11.0,27.0,18.0,34.0,25.0,14.0,26.0,51.0,15.0,4.0,20.0,17.0,32.0,60.0,20.0,20.0,8.0,5.0,1.0,3.0,6.0,11.0,4.0,6.0,7.0,5.0,11.0,67.0,26.0,10.0,15.0,7.0,10.0,14.0,9.0,12.0,4.0,10.0,36.0,163.0,67.0,53.0,120.0,31.0,23.0,131.0,28.0,73.0,35.0,46.0,11.0,12.0,16.0,6.0,9.0,21.0,4.0,22.0,14.0,17.0,9.0,21.0
10,GCGAGCGTTAATCGGAATTACTGGGCGTAAAGCGCACGCAGGCGGTCTGTCAAGTCGGATGTGAAATCCCCGGGCTCAACCTGGGAACTGCATTCGAAACTGGCAGGCTGGAGTCTTGTAGAGGGGGGTAGAATTCCAGGTGTAGCGGTGAAATGCGTAGAGATCTGGAGGAATACCGGTGGCGAAGGCGGCCCCCTGGACAAAGACTGACGCTCAGGTGCGAAAGCGTGGGG,2.0,2.0,1.0,1.0,0.0,4.0,2.0,3.0,1.0,6.0,3.0,4.0,6.0,1.0,2.0,4.0,1.0,2.0,2.0,0.0,3.0,0.0,2.0,5.0,2.0,2.0,2.0,1.0,1.0,4.0,1.0,3.0,3.0,4.0,4.0,3.0,0.0,6.0,3.0,5.0,0.0,5.0,1.0,2.0,5.0,5.0,2.0,2.0,0.0,1.0,1.0,1.0,3.0,1.0,2.0,1.0,1.0,1.0,12.0,3.0,2.0,2.0,2.0,1.0,1.0,2.0,0.0,2.0,2.0,14.0,7.0,0.0,5.0,2.0,3.0,3.0,7.0,3.0,6.0,2.0,4.0,2.0,1.0,2.0,1.0,3.0,1.0,2.0,2.0,0.0,5.0,3.0,3.0
11,GCAAGCGTTAATCGGAATTACTGGGCGTAAAGCGCACGCAGGCGGTCTGTCAAGTCGGATGTGAAATCCCCGGGCTCAACCTGGGAACTGCATTCGAAACTGGCAGGCTGGAGTCTTGTAGAGGGGGGTAGAATTCCAGGTGTAGCGGTGAAATGCGTAGAGATCTGGAGGAATACCGGTGGCGAAGGCGCCCCCCTGGACAAAGACTGACGCTCAGGTGCGAAAGCGTGGGG,26.0,13.0,7.0,27.0,17.0,14.0,17.0,12.0,16.0,36.0,28.0,23.0,22.0,12.0,18.0,11.0,15.0,16.0,11.0,5.0,15.0,44.0,25.0,19.0,11.0,8.0,16.0,17.0,10.0,25.0,9.0,11.0,38.0,27.0,35.0,23.0,18.0,21.0,25.0,13.0,16.0,17.0,13.0,25.0,32.0,27.0,24.0,3.0,2.0,4.0,9.0,8.0,9.0,4.0,7.0,7.0,10.0,23.0,89.0,34.0,11.0,9.0,12.0,13.0,14.0,13.0,6.0,9.0,12.0,51.0,95.0,41.0,43.0,55.0,16.0,22.0,63.0,22.0,41.0,32.0,60.0,18.0,18.0,13.0,6.0,12.0,17.0,13.0,9.0,4.0,33.0,14.0,23.0
12,GCGAGCGTTAATCGGAATTACTGGGCGTAAAGCGTGCGCAGGCGGTTATGTAAGACAGATGTGAAATCCCCGGGCTCAACCTGGGAACTGCATTTGTGACTGCATGGCTAGAGTACGGTAGAGGGGGATGGAATTCCGCGTGTAGCAGTGAAATGCGTAGATATGCGGAGGAACACCGATGGCGAAGGCAATCCCCTGGACCTGTACTGACGCTCATGCACGAAAGCGTGGGG,1.0,0.0,1.0,0.0,0.0,0.0,0.0,0.0,0.0,0.0,0.0,0.0,1.0,0.0,0.0,0.0,0.0,0.0,0.0,0.0,1.0,0.0,0.0,0.0,0.0,0.0,0.0,0.0,0.0,1.0,0.0,1.0,0.0,0.0,0.0,0.0,0.0,0.0,0.0,0.0,0.0,0.0,0.0,0.0,0.0,0.0,0.0,0.0,0.0,0.0,0.0,0.0,0.0,0.0,0.0,0.0,0.0,0.0,0.0,1.0,0.0,0.0,0.0,0.0,0.0,1.0,1.0,0.0,0.0,1.0,0.0,0.0,0.0,0.0,1.0,0.0,0.0,0.0,2.0,0.0,1.0,0.0,0.0,0.0,0.0,0.0,0.0,0.0,0.0,0.0,0.0,0.0,0.0
13,GCAAGCGTTAATCGGAATTACTGGGCGTAAAGCGCACGCAGGCGGTCTGTCAAGTCGGATGTGAAATCCCCGGGCTCAACCTGGGAACTGCATTCGAAACTGGCAGGCTGGAGTCTTGTAGAGGGGGGTAGAATTCCTGGTGTAGCGGTGAAATGCGTAGAGATCTGGAGGAATACCGGTGGCGAAGGCGGCCCCCTGGACAAAGACTGACGCTCAGGTGCGAAAGCGTGGGG,1.0,0.0,0.0,1.0,2.0,4.0,4.0,2.0,2.0,10.0,8.0,4.0,6.0,3.0,2.0,1.0,4.0,1.0,1.0,2.0,5.0,7.0,3.0,2.0,4.0,1.0,1.0,1.0,2.0,2.0,1.0,3.0,3.0,5.0,4.0,6.0,2.0,2.0,4.0,0.0,1.0,6.0,2.0,2.0,7.0,5.0,2.0,0.0,1.0,0.0,0.0,0.0,1.0,0.0,0.0,1.0,2.0,4.0,9.0,10.0,8.0,3.0,2.0,4.0,4.0,9.0,1.0,1.0,3.0,4.0,16.0,7.0,3.0,10.0,2.0,3.0,7.0,4.0,9.0,2.0,1.0,1.0,3.0,2.0,0.0,1.0,1.0,1.0,4.0,6.0,10.0,1.0,6.0
14,ACAAGCGTTAATCGGAATTACTGGGCGTAAAGCGCACGCAGGCGGTCTGTCAAGTCGGATGTGAAATCCCCGGGCTCAACCTGGGAACTGCATTCGAAACTGGCAGGCTGGAGTCTTGTAGAGGGGGGTAGAATTCCAGGTGTAGCGGTGAAATGCGTAGAGATCTGGAGGAATACCGGTGGCGAAGGCGGCCCCCTGGACAAAGACTGACGCTCAGGTGCGAAAGCGTGGGG,15.0,2.0,4.0,11.0,9.0,5.0,3.0,7.0,3.0,8.0,7.0,12.0,10.0,5.0,6.0,5.0,4.0,2.0,3.0,0.0,9.0,10.0,9.0,12.0,3.0,2.0,10.0,4.0,9.0,12.0,9.0,5.0,15.0,13.0,13.0,8.0,8.0,4.0,18.0,12.0,1.0,8.0,8.0,10.0,12.0,18.0,10.0,3.0,2.0,2.0,3.0,5.0,5.0,3.0,4.0,4.0,5.0,9.0,26.0,20.0,6.0,4.0,4.0,9.0,3.0,5.0,4.0,5.0,5.0,20.0,25.0,22.0,12.0,20.0,9.0,9.0,19.0,7.0,15.0,12.0,13.0,9.0,7.0,4.0,1.0,4.0,2.0,2.0,4.0,3.0,16.0,10.0,27.0
15,GCAAGCGTTAATCGGAATTACTGGGCGTAAAGCGCACGCAGGCGGTCTGTCAAGTCGGATGTGAAATCCCCGGGCTCAACCTGGGAACTGCATTCGAAACTGGCAGGCTTGAGTCTTGTAGAGGGGGGTAGAATTCCAGGTGTAGCGGTGAAATGCGTAGAGATCTGGAGGAATACCGGTGGCGAAGGCGGCCCCCTGGACAAAGACTGACGCTCAGGTGCGAAAGCGTGGGG,3.0,2.0,1.0,2.0,0.0,0.0,1.0,0.0,1.0,2.0,1.0,1.0,3.0,0.0,0.0,1.0,1.0,3.0,2.0,0.0,1.0,2.0,0.0,0.0,0.0,0.0,0.0,0.0,1.0,2.0,2.0,1.0,1.0,4.0,1.0,3.0,1.0,0.0,5.0,0.0,2.0,1.0,1.0,2.0,2.0,6.0,1.0,0.0,1.0,1.0,1.0,0.0,0.0,0.0,0.0,0.0,0.0,1.0,7.0,5.0,0.0,0.0,1.0,0.0,0.0,0.0,1.0,6.0,2.0,2.0,3.0,7.0,1.0,1.0,3.0,2.0,1.0,2.0,7.0,2.0,2.0,1.0,0.0,2.0,0.0,1.0,2.0,0.0,1.0,1.0,1.0,2.0,6.0
16,GCAAGCGTTAATCGGAATTACTGGGCGTAAAGCGCACGCAGGCGGTCTATCAAGTCGGATGTGAAATCCCCGGGCTCAACCTGGGAACTGCATTCGAAACTGGCAGGCTGGAGTCTTGTAGAGGGGGGTAGAATTCCAGGTGTAGCGGTGAAATGCGTAGAGATCTGGAGGAATACCGGTGGCGAAGGCGGCCCCCTGGACAAAGACTGACGCTCAGGTGCGAAAGCGTGGGG,7.0,6.0,4.0,4.0,7.0,1.0,3.0,3.0,6.0,15.0,4.0,8.0,8.0,10.0,1.0,6.0,9.0,2.0,4.0,1.0,5.0,14.0,19.0,8.0,0.0,4.0,4.0,6.0,1.0,3.0,6.0,3.0,9.0,18.0,8.0,7.0,4.0,9.0,15.0,6.0,5.0,5.0,4.0,13.0,13.0,4.0,5.0,5.0,2.0,2.0,1.0,2.0,5.0,2.0,1.0,3.0,7.0,7.0,26.0,12.0,8.0,7.0,3.0,2.0,4.0,3.0,12.0,0.0,2.0,14.0,24.0,14.0,10.0,20.0,9.0,7.0,23.0,12.0,15.0,20.0,14.0,2.0,2.0,5.0,4.0,6.0,0.0,2.0,3.0,3.0,12.0,11.0,12.0
17,GCAAGCGTTAATCGGAATTACTGGGCGTAAAGCGCACGCAGGCGGTCTGTCAAGTCGGATGTGAAATCCCCGGGCTCAACCTGGGAACTGCATTCGAAACTGGCAGGCTGGAGTCTTGTAGAGGGGGGTAGAATTCCAGGTGTAGCGGTGAAATGCGTAGAGATCTGGAGGAATACCGGTGGCGAAGGCGGCCCCCTGGACAAAGACTGACGCTCAGGTGCGAAAGCGTGGGG,18916.0,11569.0,7392.0,12518.0,10708.0,8258.0,8514.0,10088.0,9016.0,25257.0,13599.0,18370.0,15889.0,8843.0,9589.0,7513.0,10512.0,6850.0,7490.0,6201.0,9563.0,22279.0,16191.0,16399.0,8025.0,6326.0,7033.0,7160.0,8189.0,12770.0,7562.0,7882.0,19095.0,20228.0,20358.0,12003.0,9131.0,15151.0,16075.0,10524.0,6426.0,11694.0,10911.0,14605.0,25786.0,18308.0,13344.0,4114.0,3050.0,3134.0,2928.0,3664.0,4700.0,3201.0,3497.0,4092.0,4956.0,11943.0,54453.0,26066.0,9641.0,7084.0,5957.0,7845.0,10050.0,7612.0,6140.0,6648.0,9863.0,30195.0,55227.0,27505.0,23126.0,37404.0,12925.0,10746.0,39425.0,12977.0,27497.0,15163.0,27205.0,10045.0,8503.0,10140.0,5600.0,9085.0,6168.0,5601.0,7647.0,6653.0,24893.0,16180.0,22954.0
18,GCAAGCGTTAATCGGAATTACTGGGCGTAAAGCGTGTGTAGGCGGTTCGGAAAGAAAGATGTGAAATCCCAGGGCTCAACCTTGGAACTGCATTTTTAACTGCCGAGCTAGAGTATGTCAGAGGGGGGTAGAATTCCACGTGTAGCAGTGAAATGCGTAGATATGTGGAGGAATACCGATGGCGAAGGCAGCCCCCTGGGATAATACTGACGCTCAGACACGAAAGCGTGGGG,0.0,3.0,1.0,0.0,1.0,12.0,8.0,8.0,4.0,0.0,0.0,1.0,1.0,1.0,1.0,2.0,1.0,12.0,15.0,18.0,16.0,4.0,0.0,0.0,0.0,0.0,0.0,1.0,0.0,10.0,15.0,13.0,13.0,2.0,2.0,2.0,2.0,2.0,1.0,2.0,0.0,9.0,6.0,13.0,8.0,3.0,2.0,1.0,0.0,1.0,1.0,1.0,3.0,1.0,13.0,6.0,10.0,1.0,1.0,1.0,0.0,0.0,0.0,3.0,1.0,12.0,7.0,16.0,8.0,0.0,4.0,1.0,1.0,1.0,2.0,3.0,4.0,10.0,17.0,19.0,22.0,1.0,1.0,1.0,2.0,0.0,0.0,0.0,2.0,7.0,1.0,2.0,1.0
19,GCAAGCGTTGTCCGGATTTATTGGGCGTAAAGCGAGCGCAGGCGGTTTCTTAAGTCTGATGTGAAAGCCCCCGGCTCAACCGGGGAGGGTCATTGGAAACTGGGAGACTTGAGTGCAGAAGAGGAGAGTGGAATTCCATGTGTAGCGGTGAAATGCGTAGATATATGGAGGAACACCAGTGGCGAAGGCGGCTCTCTGGTCTGTAACTGACGCTGAGGCTCGAAAGCGTGGGG,0.0,79.0,37.0,0.0,74.0,112.0,69.0,63.0,34.0,2.0,62.0,0.0,88.0,142.0,74.0,154.0,86.0,217.0,66.0,70.0,3.0,0.0,1.0,159.0,0.0,56.0,60.0,0.0,83.0,0.0,248.0,106.0,105.0,49.0,223.0,40.0,127.0,53.0,371.0,46.0,101.0,162.0,94.0,203.0,159.0,15.0,0.0,1.0,32.0,13.0,0.0,0.0,0.0,31.0,30.0,20.0,60.0,0.0,0.0,0.0,55.0,48.0,147.0,59.0,129.0,64.0,123.0,93.0,60.0,3.0,0.0,0.0,180.0,355.0,207.0,91.0,332.0,0.0,531.0,126.0,0.0,158.0,50.0,63.0,0.0,0.0,0.0,0.0,0.0,1.0,1.0,59.0,67.0
20,GCAAGCGTTAATCGGAATTACTGGGCGTAAAGCGCACGCAGGCGGTTTGTTAAGTCAGATGTGAAATCCCCGGGCTCAACCTGGGAACTGCATCTGATACTGGCAAGCTTGAGTCTCGTAGAGGGGGGTAGAATTCCAGGTGTAGCGGTGAAATGCGTAGAGATCTGGAGGAATACCGGTGGCGAAGGCGGCCCCCTGGACGAAGACTGACGCTCAGGTGCGAAAGCGTGGGG,0.0,1.0,0.0,0.0,0.0,0.0,3.0,0.0,0.0,1.0,0.0,0.0,0.0,0.0,0.0,0.0,0.0,0.0,1.0,0.0,2.0,0.0,0.0,0.0,0.0,0.0,0.0,0.0,0.0,0.0,2.0,1.0,0.0,0.0,0.0,0.0,0.0,0.0,0.0,0.0,0.0,0.0,5.0,0.0,0.0,0.0,0.0,0.0,0.0,0.0,0.0,0.0,0.0,0.0,1.0,0.0,0.0,0.0,0.0,0.0,0.0,0.0,0.0,0.0,0.0,0.0,6.0,1.0,0.0,0.0,1.0,0.0,1.0,2.0,0.0,0.0,0.0,0.0,0.0,1.0,0.0,0.0,0.0,0.0,0.0,0.0,1.0,0.0,0.0,6.0,1.0,0.0,0.0
21,GCAAGCGTTAATCGGAATTACTGGGCGTAAAGCGCACGCAGGCGGTCTGTCAAGTCGGATGTGAAATCCCCGGGCTCAACCTGGGAACTGCATTCGAAACTGGCAGGCTTGAGTCTTGTAGAGGGGGGTAGAATTCCAGGTGTAGCGGTGAAATGCGTAGAGATCTGGAGGAATACCGGTGGCGAAGGCGGCCCCCTGGACGAAGACTGACGCTCAGGTGCGAAAGCGTGGGG,0.0,1.0,0.0,0.0,0.0,0.0,0.0,0.0,0.0,0.0,0.0,0.0,0.0,0.0,0.0,0.0,0.0,0.0,0.0,0.0,0.0,0.0,0.0,0.0,0.0,0.0,0.0,0.0,0.0,0.0,0.0,0.0,0.0,0.0,0.0,0.0,0.0,0.0,0.0,0.0,0.0,0.0,0.0,0.0,0.0,0.0,0.0,0.0,0.0,0.0,0.0,0.0,0.0,0.0,0.0,0.0,0.0,0.0,0.0,0.0,0.0,0.0,0.0,0.0,0.0,0.0,0.0,0.0,0.0,0.0,0.0,0.0,0.0,0.0,0.0,0.0,0.0,0.0,0.0,0.0,0.0,0.0,0.0,0.0,0.0,0.0,0.0,0.0,0.0,0.0,0.0,0.0,0.0
22,GCAAGCGTTAATCGGAATTACTGGGCGTAAAGCGCGCGTAGGTGGTTTGTTAAGTTGGATGTGAAATCCCCGGGCTCAACCTGGGAACTGCATTCAAAACTGACTGACTAGAGTATGGTAGAGGGTGGTGGAATTTCCTGTGTAGCGGTGAAATGCGTAGATATAGGAAGGAACACCAGTGGCGAAGGCGACCACCTGGACTAATACTGACACTGAGGTGCGAAAGCGTGGGG,0.0,0.0,0.0,1.0,0.0,1.0,0.0,0.0,0.0,0.0,0.0,0.0,0.0,0.0,0.0,0.0,0.0,0.0,0.0,0.0,0.0,0.0,0.0,0.0,0.0,0.0,0.0,0.0,0.0,0.0,0.0,0.0,0.0,0.0,0.0,0.0,0.0,0.0,0.0,0.0,0.0,0.0,0.0,0.0,0.0,0.0,0.0,0.0,0.0,0.0,0.0,0.0,0.0,1.0,0.0,0.0,0.0,0.0,0.0,0.0,0.0,0.0,0.0,0.0,0.0,0.0,0.0,0.0,0.0,0.0,0.0,0.0,0.0,0.0,0.0,0.0,0.0,0.0,0.0,0.0,0.0,0.0,0.0,0.0,0.0,0.0,0.0,0.0,0.0,0.0,0.0,0.0,0.0
23,GCAAGCGTTAATCGGAATTACTGGGCGTAAAGCGTGCGCAGGCGGTTATGTAAGACAGATGTGAAATCCCCGGGCTCAACCTGGGAACTGCATTCGAAACTGGCAGGCTGGAGTCTTGTAGAGGGGGGTAGAATTCCAGGTGTAGCGGTGAAATGCGTAGAGATCTGGAGGAATACCGGTGGCGAAGGCGGCCCCCTGGACAAAGACTGACGCTCAGGTGCGAAAGCGTGGGG,0.0,0.0,0.0,1.0,0.0,0.0,0.0,0.0,0.0,0.0,0.0,0.0,0.0,0.0,1.0,0.0,1.0,0.0,0.0,0.0,0.0,0.0,0.0,0.0,0.0,0.0,0.0,0.0,0.0,0.0,0.0,0.0,0.0,0.0,0.0,0.0,0.0,0.0,0.0,0.0,0.0,0.0,0.0,1.0,0.0,0.0,0.0,0.0,0.0,0.0,0.0,0.0,0.0,0.0,0.0,0.0,0.0,0.0,0.0,0.0,1.0,0.0,0.0,0.0,0.0,0.0,0.0,0.0,0.0,0.0,0.0,0.0,0.0,0.0,0.0,0.0,1.0,0.0,3.0,1.0,0.0,0.0,0.0,0.0,0.0,0.0,0.0,0.0,0.0,0.0,0.0,0.0,0.0
24,GCAAGCGTTAATCGGAATTACTGGGCGTAAAGCGCGCGTAGGTGGTTTGGTAAGATGGATGTGAAATCCCCGGGCTCAACCTGGGAACTGCATCCATAACTGCCTGACTAGAGTACGGTAGAGGGTGGTGGAATTTCCTGTGTAGCGGTGAAATGCGTAGATATAGGAAGGAACACCAGTGGCGAAGGCGACCACCTGGACTGATACTGACACTGAGGTGCGAAAGCGTGGGG,0.0,0.0,0.0,0.0,0.0,34.0,186.0,124.0,118.0,5.0,0.0,0.0,23.0,142.0,0.0,17.0,0.0,446.0,6.0,5.0,0.0,54.0,112.0,85.0,147.0,0.0,0.0,0.0,0.0,0.0,0.0,0.0,35.0,0.0,25.0,1.0,115.0,130.0,117.0,0.0,3.0,59.0,0.0,93.0,2.0,1.0,0.0,5.0,7.0,0.0,0.0,0.0,0.0,8.0,0.0,0.0,34.0,55.0,0.0,0.0,0.0,21.0,70.0,0.0,496.0,3.0,17.0,52.0,138.0,4.0,0.0,0.0,0.0,317.0,374.0,37.0,628.0,0.0,682.0,0.0,170.0,215.0,58.0,19.0,43.0,14.0,66.0,0.0,0.0,130.0,0.0,112.0,0.0
25,GCGAGCGTTAATCGGAATTACTGGGCGTAAAGCGTGCGCAGGCGGTTTTTTAAGACAGATGTGAAATCCCCGGGCTCAACCTGGGAACTGCATTTGTGACTGCATGGCTAGAGTACGGTAGAGGGGGATGGAATTCCGCGTGTAGCAGTGAAATGCGTAGATATGCGGAGGAACACCGATGGCGAAGGCAATCCCCTGGACCTGTACTGACGCTCATGCACGAAAGCGTGGGG,0.0,0.0,0.0,0.0,0.0,1.0,0.0,0.0,0.0,0.0,0.0,0.0,0.0,0.0,0.0,0.0,0.0,0.0,0.0,0.0,0.0,0.0,0.0,0.0,0.0,0.0,0.0,0.0,0.0,0.0,0.0,0.0,0.0,0.0,0.0,0.0,0.0,0.0,0.0,0.0,0.0,0.0,0.0,0.0,0.0,0.0,0.0,0.0,0.0,0.0,0.0,0.0,0.0,0.0,0.0,0.0,0.0,0.0,0.0,0.0,0.0,0.0,0.0,0.0,0.0,0.0,0.0,0.0,0.0,0.0,0.0,0.0,0.0,0.0,0.0,0.0,0.0,0.0,0.0,0.0,0.0,0.0,0.0,0.0,0.0,0.0,0.0,0.0,0.0,0.0,0.0,0.0,0.0
26,GCAAGCGTTAATCGGAATTACTGGGCGTAAAGCGTGCGCAGGCGGTTCGGAAAGAAAGATGTGAAATCCCAGAGCTCAACTTTGGAACTGCATTTTTAACTACCGAGCTAGAGTGTGTCAGAGGGAGGTGGAATTCCGCGTGTAGCAGTGAAATGCGTAGATATGCGGAGGAACACCGATGGCGAAGGCAGCCTCCTGGGATAACACTGACGCTCATGCACGAAAGCGTGGGG,0.0,0.0,0.0,0.0,0.0,0.0,3.0,4.0,0.0,0.0,0.0,0.0,0.0,0.0,0.0,0.0,0.0,11.0,0.0,0.0,0.0,0.0,0.0,0.0,0.0,0.0,0.0,0.0,0.0,0.0,2.0,0.0,0.0,0.0,0.0,0.0,0.0,0.0,0.0,0.0,0.0,0.0,0.0,0.0,0.0,0.0,0.0,0.0,0.0,0.0,0.0,0.0,0.0,0.0,0.0,0.0,0.0,0.0,0.0,0.0,0.0,0.0,0.0,0.0,0.0,0.0,0.0,1.0,0.0,0.0,0.0,0.0,0.0,2.0,0.0,0.0,0.0,0.0,0.0,0.0,0.0,0.0,0.0,0.0,0.0,0.0,0.0,0.0,0.0,0.0,0.0,0.0,0.0
27,GCAAGCGTTAATCGGAATTACTGGGCGTAAAGCGCACGCAGGCAGTCTGTCAAGTCGGATGTGAAATCCCCGGGCTCAACCTGGGAACTGCATTCGAAACTGGCAGGCTAGAGTCTTGTAGAGGGGGGTAGAATTCCAGGTGTAGCGGTGAAATGCGTAGAGATCTGGAGGAATACCGGTGGCGAAGGCGGCCCCCTGGACAAAGACTGACGCTCAGGTGCGAAAGCGTGGGG,0.0,0.0,0.0,0.0,0.0,0.0,0.0,1.0,0.0,0.0,0.0,0.0,0.0,0.0,0.0,0.0,0.0,0.0,0.0,0.0,0.0,0.0,0.0,0.0,0.0,0.0,0.0,0.0,0.0,0.0,0.0,0.0,0.0,0.0,0.0,0.0,0.0,0.0,0.0,0.0,0.0,0.0,0.0,0.0,0.0,0.0,0.0,0.0,0.0,0.0,0.0,0.0,0.0,0.0,0.0,0.0,0.0,0.0,0.0,0.0,0.0,0.0,0.0,0.0,0.0,0.0,0.0,0.0,0.0,0.0,0.0,0.0,0.0,0.0,0.0,0.0,0.0,0.0,0.0,0.0,0.0,0.0,0.0,0.0,0.0,0.0,0.0,0.0,0.0,0.0,0.0,0.0,0.0
28,GCAAGCGTTAATCGGAATTACTGGGCGTAAAGCGCACGCAGGCGGTCTGTCAAGTCGGATGTGAAATCCCCGGGCTCAACCTGGGAACTGCATTCGAAACTGGCAGGCTTGAGTCTTGTAGAGGGGGGTAGAATTCCAGGTGTAGCGGTGAAATGCGTAGATATATGGAGGAACACCAGTGGCGAAGGCGGCTCTCTGGTCTGTAACTGACGCTGAGGCTCGAAAGCGTGGGG,0.0,0.0,0.0,0.0,0.0,0.0,0.0,1.0,0.0,0.0,0.0,0.0,0.0,0.0,0.0,0.0,0.0,0.0,0.0,0.0,0.0,0.0,0.0,1.0,0.0,0.0,0.0,0.0,0.0,0.0,0.0,0.0,0.0,0.0,0.0,0.0,1.0,0.0,0.0,0.0,0.0,0.0,0.0,0.0,1.0,0.0,0.0,0.0,0.0,0.0,0.0,0.0,0.0,0.0,0.0,0.0,0.0,0.0,0.0,0.0,0.0,1.0,0.0,0.0,1.0,0.0,1.0,0.0,1.0,0.0,0.0,0.0,0.0,0.0,1.0,1.0,0.0,0.0,0.0,0.0,0.0,1.0,0.0,0.0,0.0,0.0,0.0,0.0,0.0,0.0,0.0,0.0,0.0
29,GCAAGCGTTAATCGGAATTACTGGGCGTAAAGCGCGCGTAGGTGGTCTGTCAAGTCGGATGTGAAATCCCCGGGCTCAACCTGGGAACTGCATTCGAAACTGGCAGGCTGGAGTCTTGTAGAGGGGGGTAGAATTCCAGGTGTAGCGGTGAAATGCGTAGAGATCTGGAGGAATACCGGTGGCGAAGGCGGCCCCCTGGACAAAGACTGACGCTCAGGTGCGAAAGCGTGGGG,0.0,0.0,0.0,0.0,0.0,0.0,0.0,1.0,1.0,0.0,0.0,0.0,1.0,0.0,0.0,0.0,0.0,0.0,0.0,1.0,1.0,0.0,0.0,0.0,0.0,0.0,0.0,0.0,1.0,0.0,1.0,0.0,0.0,0.0,0.0,2.0,0.0,0.0,0.0,1.0,0.0,0.0,0.0,0.0,1.0,0.0,0.0,1.0,0.0,0.0,0.0,0.0,0.0,0.0,0.0,0.0,0.0,1.0,3.0,2.0,0.0,0.0,0.0,0.0,0.0,0.0,0.0,0.0,0.0,0.0,0.0,0.0,0.0,0.0,0.0,0.0,0.0,0.0,0.0,0.0,0.0,0.0,0.0,1.0,0.0,0.0,0.0,0.0,0.0,0.0,0.0,0.0,0.0
30,GCAAGCGTTAATCGGAATTACTGGGCGTAAAGCGCACGCAGGCGGTCTATCAAGTCGGATGTGAAATCCCCGGGCTCAACCTGGGAACTGCATTCGAAACTGGCAGGCTAGAGTCTTGTAGAGGGGGGTAGAATTCCAGGTGTAGCGGTGAAATGCGTAGAGATCTGGAGGAATACCGGTGGCGAAGGCGGCCCCCTGGACAAAGACTGACGCTCAGGTGCGAAAGCGTGGGG,0.0,0.0,0.0,0.0,0.0,0.0,0.0,0.0,1.0,0.0,0.0,0.0,0.0,0.0,0.0,0.0,0.0,0.0,0.0,0.0,0.0,0.0,0.0,0.0,0.0,0.0,0.0,0.0,0.0,0.0,0.0,0.0,0.0,0.0,0.0,0.0,0.0,0.0,0.0,0.0,0.0,0.0,0.0,0.0,0.0,0.0,0.0,0.0,0.0,0.0,0.0,0.0,0.0,0.0,0.0,0.0,0.0,0.0,0.0,0.0,0.0,0.0,0.0,0.0,0.0,0.0,0.0,0.0,0.0,0.0,0.0,0.0,0.0,0.0,0.0,0.0,0.0,1.0,0.0,0.0,0.0,0.0,0.0,0.0,0.0,0.0,0.0,0.0,0.0,1.0,0.0,0.0,0.0
31,GCAAGCGTTAATCGGAATTACTGGGCGTAAAGCGCACGCAGGCGGTCTGTCAAGTCGGATGTGAAATCCCCGGGCTTAACCTGGGAATGGCATCTAAGACTGGTCAGCTAGAGTCTTGTAGAGGGGGGTAGAATTCCAGGTGTAGCGGTGAAATGCGTAGAGATCTGGAGGAATACCGGTGGCGAAGGCGGCCCCCTGGACAAAGACTGACGCTCAGGTGCGAAAGCGTGGGG,0.0,0.0,0.0,0.0,0.0,0.0,0.0,0.0,0.0,0.0,0.0,0.0,1.0,0.0,0.0,0.0,0.0,0.0,0.0,0.0,0.0,0.0,0.0,0.0,0.0,0.0,0.0,0.0,0.0,0.0,0.0,0.0,0.0,0.0,0.0,0.0,0.0,0.0,0.0,0.0,0.0,0.0,0.0,0.0,0.0,0.0,0.0,0.0,0.0,0.0,0.0,0.0,0.0,0.0,0.0,0.0,0.0,0.0,0.0,0.0,0.0,0.0,0.0,0.0,0.0,0.0,2.0,0.0,0.0,0.0,0.0,0.0,0.0,0.0,0.0,0.0,0.0,0.0,0.0,0.0,0.0,0.0,0.0,0.0,0.0,0.0,0.0,0.0,0.0,0.0,0.0,0.0,0.0
32,GCAAGCGTTACTCGGAATTACTGGGCGTAAAGCGTGCGTAGGTGGTTGTTTAAGTCTGTTGTGAAAGCCCTGGGCTCAACCTGGGAACTGCAGTGGAAACTGGACGACTAGAGTGTGGTAGAGGGTAGCGGAATTCCTGGTGTAGCAGTGAAATGCGTAGAGATCAGGAGGAACATCCATGGCGAAGGCAGCTACCTGGACCAACACTGACACTGAGGCACGAAAGCGTGGGG,0.0,0.0,0.0,0.0,0.0,0.0,0.0,0.0,0.0,0.0,0.0,0.0,0.0,0.0,0.0,0.0,0.0,1.0,0.0,0.0,0.0,0.0,0.0,0.0,0.0,0.0,0.0,0.0,0.0,0.0,0.0,0.0,0.0,0.0,0.0,0.0,0.0,0.0,0.0,0.0,0.0,0.0,0.0,0.0,0.0,0.0,0.0,0.0,0.0,0.0,0.0,0.0,0.0,0.0,0.0,0.0,0.0,0.0,0.0,0.0,0.0,0.0,0.0,0.0,0.0,0.0,0.0,0.0,0.0,0.0,0.0,0.0,0.0,0.0,0.0,0.0,0.0,0.0,0.0,0.0,0.0,0.0,0.0,0.0,0.0,0.0,0.0,0.0,0.0,0.0,0.0,0.0,0.0
33,GCAAGCGTTATCCGGAATTATTGGGCGTAAAGCGCGCGTAGGCGGTTTTTTAAGTCTGATGTGAAAGCCCACGGCTCAACCGTGGAGGGTCATTGGAAACTGGAAAACTTGAGTGCAGAAGAGGAAAGTGGAATTCCATGTGTAGCGGTGAAATGCGCAGAGATATGGAGGAACACCAGTGGCGAAGGCGACTTTCTGGTCTGTAACTGACGCTGATGTGCGAAAGCGTGGGG,0.0,0.0,0.0,0.0,0.0,0.0,0.0,0.0,0.0,0.0,0.0,0.0,0.0,0.0,0.0,0.0,0.0,0.0,0.0,1.0,0.0,0.0,0.0,0.0,0.0,0.0,0.0,0.0,0.0,0.0,0.0,0.0,0.0,0.0,0.0,0.0,0.0,0.0,0.0,0.0,0.0,0.0,0.0,0.0,0.0,0.0,0.0,0.0,0.0,0.0,0.0,0.0,0.0,0.0,0.0,0.0,0.0,0.0,0.0,0.0,0.0,0.0,0.0,0.0,0.0,0.0,0.0,0.0,0.0,0.0,0.0,0.0,0.0,0.0,0.0,0.0,0.0,0.0,0.0,0.0,0.0,0.0,0.0,0.0,0.0,0.0,0.0,0.0,0.0,1.0,0.0,0.0,0.0
34,GCAAGCGTTACTCGGAATTACTGGGCGTAAAGCGTGCGTAGGTGGTCGTTTAAGTCTGTTGTGAAAGCCCTGGGCTCAACCTGGGAACTGCAGTGGAAACTGGACGACTAGAGTGTGGTAGAGGGTAGCGGAATTCCTGGTGTAGCAGTGAAATGCGTAGAGATCAGGAGGAACATCCATGGCGAAGGCAGCTACCTGGACCAACACTGACACTGAGGCACGAAAGCGTGGGG,0.0,0.0,0.0,0.0,0.0,0.0,0.0,0.0,0.0,0.0,0.0,0.0,0.0,0.0,0.0,0.0,0.0,0.0,0.0,0.0,1.0,0.0,0.0,0.0,0.0,0.0,0.0,0.0,0.0,0.0,0.0,0.0,0.0,0.0,0.0,0.0,0.0,0.0,0.0,0.0,0.0,0.0,0.0,0.0,0.0,0.0,0.0,0.0,0.0,0.0,0.0,0.0,0.0,0.0,0.0,0.0,0.0,0.0,0.0,0.0,0.0,0.0,0.0,0.0,0.0,0.0,0.0,0.0,0.0,0.0,0.0,0.0,0.0,0.0,0.0,0.0,0.0,0.0,1.0,0.0,1.0,0.0,0.0,0.0,0.0,0.0,0.0,0.0,0.0,0.0,0.0,0.0,0.0
35,GCAAGCGTTAATCGGAATTACTGGGCGTAAAGCGCACGCAGGCGGTCTGTCAAGTCGGATGTGAAATTCCCGGGCTCAACCTGGGAACTGCATTCGAAACTGGCAGGCTAGAGTCTTGTAGAGGGGGGTAGAATTCCAGGTGTAGCGGTGAAATGCGTAGAGATCTGGAGGAATACCGGTGGCGAAGGCGGCCCCCTGGACAAAGACTGACGCTCAGGTGCGAAAGCGTGGGG,0.0,0.0,0.0,0.0,0.0,0.0,0.0,0.0,0.0,0.0,0.0,0.0,0.0,0.0,0.0,0.0,0.0,0.0,0.0,0.0,0.0,0.0,0.0,0.0,0.0,0.0,0.0,0.0,0.0,0.0,0.0,0.0,1.0,0.0,0.0,0.0,0.0,0.0,0.0,0.0,0.0,0.0,0.0,0.0,0.0,0.0,0.0,0.0,0.0,0.0,0.0,0.0,0.0,0.0,0.0,0.0,0.0,0.0,0.0,0.0,0.0,0.0,0.0,0.0,0.0,0.0,0.0,0.0,0.0,0.0,0.0,0.0,0.0,0.0,0.0,0.0,0.0,0.0,0.0,0.0,0.0,0.0,0.0,0.0,0.0,0.0,0.0,0.0,0.0,0.0,0.0,0.0,0.0
36,GCAAGCGTTAATCGGAATTACTGGGCGTAAAGCGCACGCAGGCGGTCTGTCAAGTCGGATGTGAAATCCCCGGGCTCAACCTGGGAACTGCATTCGAAACTGGCAGGCTTGAGTCTTGTAGAGGGGGGGAGAATTCCAGGTGTAGCGGTGAAATGCGTAGAGATCTGGAGGAATACCGGTGGCGAAGGCGGCCCCCTGGACAAAGACTGACGCTCAGGTGCGAAAGCGTGGGG,0.0,0.0,0.0,0.0,0.0,0.0,0.0,0.0,0.0,0.0,0.0,0.0,0.0,0.0,0.0,0.0,0.0,0.0,0.0,0.0,0.0,0.0,0.0,0.0,0.0,0.0,0.0,0.0,0.0,0.0,0.0,0.0,0.0,0.0,0.0,0.0,0.0,0.0,1.0,0.0,0.0,0.0,0.0,0.0,0.0,0.0,0.0,0.0,0.0,0.0,0.0,0.0,0.0,0.0,0.0,0.0,0.0,0.0,0.0,0.0,0.0,0.0,0.0,0.0,0.0,0.0,0.0,0.0,0.0,0.0,0.0,0.0,0.0,0.0,0.0,0.0,0.0,0.0,0.0,0.0,0.0,0.0,0.0,0.0,0.0,0.0,0.0,0.0,0.0,1.0,0.0,0.0,0.0
37,ACAAGCGTTAATCGGAATTACTGGGCGTAAAGCGTGTGTAGGCGGTTCGGAAAGAAAGATGTGAAATCCCAGGGCTCAACCTTGGAACTGCATTTTTAACTGCCGAGCTAGAGTATGTCAGAGGGGGGTAGAATTCCACGTGTAGCAGTGAAATGCGTAGATATGTGGAGGAATACCGATGGCGAAGGCAGCCCCCTGGGATAATACTGACGCTCAGACACGAAAGCGTGGGG,0.0,0.0,0.0,0.0,0.0,0.0,0.0,0.0,0.0,0.0,0.0,0.0,0.0,0.0,0.0,0.0,0.0,0.0,0.0,0.0,0.0,0.0,0.0,0.0,0.0,0.0,0.0,0.0,0.0,0.0,0.0,0.0,0.0,0.0,0.0,0.0,0.0,0.0,0.0,0.0,0.0,1.0,0.0,0.0,0.0,0.0,0.0,0.0,0.0,0.0,0.0,0.0,0.0,0.0,0.0,0.0,0.0,0.0,0.0,0.0,0.0,0.0,0.0,0.0,0.0,0.0,0.0,0.0,0.0,0.0,0.0,0.0,0.0,0.0,0.0,0.0,0.0,0.0,0.0,0.0,0.0,0.0,0.0,0.0,0.0,0.0,0.0,0.0,0.0,0.0,0.0,0.0,0.0
38,GCAAGCGTTAATCGGAATTACTGGGCGTAAAGCGCACGCAGGCGGTCTGTCAAGTCGGATGTGAAATCCCCGGGCTCAACCTGGGAACTGCATCTGATACTGGCAAGCTTGAGTCTCGTAGAGGGGGGTAGAATTCCAGGTGTAGCGGTGAAATGCGTAGAGATCTGGAGGAATACCGGTGGCGAAGGCGGCCCCCTGGACGAAGACTGACGCTCAGGTGCGAAAGCGTGGGG,0.0,0.0,0.0,0.0,0.0,0.0,0.0,0.0,0.0,0.0,0.0,0.0,0.0,0.0,0.0,0.0,0.0,0.0,0.0,0.0,0.0,0.0,0.0,0.0,0.0,0.0,0.0,0.0,0.0,0.0,0.0,0.0,0.0,0.0,0.0,0.0,0.0,0.0,0.0,0.0,0.0,0.0,1.0,0.0,0.0,0.0,0.0,0.0,0.0,0.0,0.0,0.0,0.0,0.0,0.0,0.0,0.0,0.0,0.0,0.0,0.0,0.0,0.0,0.0,0.0,0.0,0.0,0.0,0.0,0.0,0.0,1.0,0.0,1.0,0.0,0.0,0.0,0.0,0.0,0.0,0.0,0.0,0.0,0.0,0.0,0.0,0.0,0.0,0.0,0.0,0.0,0.0,0.0
39,GCAAGCGTTAATCGGAATTACTGGGCGTAAAGCGCACGCAGGCGGTCTGTCAAGTCGGATGTGAAATCCCCGGGCTCAACCTGGGAACTGCATTCGAAACTGGCAGGCTAGAGTCTTGTAGAGGGGGGTAGAATTCCAGGTGTAGCGGTGAAATGCGTAGAGATCTGGAGGAATACCGGTGGCGAAGGCGCCCCCCTGGACAAAGACTGACGCTCAGGTGCGAAAGCGTGGGG,0.0,0.0,0.0,0.0,0.0,0.0,0.0,0.0,0.0,0.0,0.0,0.0,0.0,0.0,0.0,0.0,0.0,0.0,0.0,0.0,0.0,0.0,0.0,0.0,0.0,0.0,0.0,0.0,0.0,0.0,0.0,0.0,0.0,0.0,0.0,0.0,0.0,0.0,0.0,0.0,0.0,0.0,0.0,0.0,0.0,0.0,0.0,0.0,0.0,0.0,0.0,0.0,0.0,0.0,0.0,0.0,0.0,0.0,0.0,0.0,0.0,1.0,0.0,0.0,0.0,0.0,0.0,0.0,0.0,0.0,0.0,0.0,0.0,0.0,0.0,0.0,0.0,0.0,0.0,0.0,0.0,0.0,0.0,0.0,0.0,0.0,0.0,0.0,0.0,0.0,0.0,0.0,0.0
40,GCAAGCGTTAATCGGAATTACTGGGCGTAAAGCGCACGCAGGCGGTCTGTCAAGTCGGATGTGAAATCCCCGGGCTCAACCTGGGAACTGCATTCGAAACTGGCAGGCTAGAGTCTTGTAGAGGGGGGTGGAATTCCAGGTGTAGCGGTGAAATGCGTAGAGATCTGGAGGAATACCGGTGGCGAAGGCGGCCCCCTGGACAAAGACTGACGCTCAGGTGCGAAAGCGTGGGG,0.0,0.0,0.0,0.0,0.0,0.0,0.0,0.0,0.0,0.0,0.0,0.0,0.0,0.0,0.0,0.0,0.0,0.0,0.0,0.0,0.0,0.0,0.0,0.0,0.0,0.0,0.0,0.0,0.0,0.0,0.0,0.0,0.0,0.0,0.0,0.0,0.0,0.0,0.0,0.0,0.0,0.0,0.0,0.0,0.0,0.0,0.0,0.0,0.0,0.0,0.0,0.0,0.0,0.0,0.0,0.0,0.0,0.0,0.0,0.0,0.0,0.0,1.0,0.0,0.0,0.0,0.0,0.0,0.0,0.0,0.0,0.0,0.0,0.0,0.0,0.0,0.0,0.0,0.0,0.0,0.0,0.0,0.0,1.0,0.0,0.0,0.0,0.0,0.0,0.0,0.0,0.0,0.0
41,ACAAGCGTTAATCGGAATTACTGGGCGTAAAGCGCACGCAGGCGGTCTGTCAAGTCGGATGTGAAATCCCCGGGCTCAACCTGGGAACTGCATTCGAAACTGGCAGGCTAGAGTCTTGTAGAGGGGGGTAGAATTCCAGGTGTAGCGGTGAAATGCGTAGAGATCTGGAGGAATACCGGTGGCGAAGGCGGCCCCCTGGACAAAGACTGACGCTCAGGTGCGAAAGCGTGGGG,0.0,0.0,0.0,0.0,0.0,0.0,0.0,0.0,0.0,0.0,0.0,0.0,0.0,0.0,0.0,0.0,0.0,0.0,0.0,0.0,0.0,0.0,0.0,0.0,0.0,0.0,0.0,0.0,0.0,0.0,0.0,0.0,0.0,0.0,0.0,0.0,0.0,0.0,0.0,0.0,0.0,0.0,0.0,0.0,0.0,0.0,0.0,0.0,0.0,0.0,0.0,0.0,0.0,0.0,0.0,0.0,0.0,0.0,0.0,0.0,0.0,0.0,0.0,1.0,0.0,0.0,0.0,0.0,0.0,0.0,0.0,0.0,1.0,0.0,0.0,0.0,0.0,0.0,0.0,0.0,0.0,1.0,0.0,0.0,0.0,0.0,0.0,0.0,0.0,0.0,0.0,0.0,0.0
42,GCAAGCGTTGTCCGGATTTATTGGGCGTAAAGCGCGCGCAGGCGGTCTTTTAAGTCTGATGTGAAAGCCCCCGGCTTAACCGGGGAGGGTCATTGGAAACTGGAAGACTGGAGTGCAGAAGAGGAGAGTGGAATTCCACGTGTAGCGGTGAAATGCGTAGATATGTGGAGGAACACCAGTGGCGAAGGCGACTCTCTGGTCTGTAACTGACGCTGAGGCGCGAAAGCGTGGGG,0.0,0.0,0.0,0.0,0.0,0.0,0.0,0.0,0.0,0.0,0.0,0.0,0.0,0.0,0.0,0.0,0.0,0.0,0.0,0.0,0.0,0.0,0.0,0.0,0.0,0.0,0.0,0.0,0.0,0.0,0.0,0.0,0.0,0.0,0.0,0.0,0.0,0.0,0.0,0.0,0.0,0.0,0.0,0.0,0.0,0.0,0.0,0.0,0.0,0.0,0.0,0.0,0.0,0.0,0.0,0.0,0.0,0.0,0.0,0.0,0.0,0.0,0.0,0.0,0.0,0.0,0.0,1.0,0.0,0.0,0.0,0.0,0.0,0.0,0.0,0.0,0.0,0.0,0.0,1.0,0.0,0.0,0.0,0.0,0.0,0.0,0.0,0.0,0.0,3.0,0.0,0.0,0.0
43,GCAAGCGTTAATCGGAATTACTGGGCGTAAAGCGCACGCAGGCGGTTTGTTAAGTCAGATGTGAAATCCCCGGGCTCAACCTGGGAACTGCATTTGAAACTGGCAAGCTTGAGTCTTGTAGAGGGGGGTAGAATTCCAGGTGTAGCGGTGAAATGCGTAGAGATCTGGAGGAATACCGGTGGCGAAGGCGGCCCCCTGGACGAAGACTGACGCTCAGGTGCGAAAGCGTGGGG,0.0,0.0,0.0,0.0,0.0,0.0,0.0,0.0,0.0,0.0,0.0,0.0,0.0,0.0,0.0,0.0,0.0,0.0,0.0,0.0,0.0,0.0,0.0,0.0,0.0,0.0,0.0,0.0,0.0,0.0,0.0,0.0,0.0,0.0,0.0,0.0,0.0,0.0,0.0,0.0,0.0,0.0,0.0,0.0,0.0,0.0,0.0,0.0,0.0,0.0,0.0,0.0,0.0,0.0,0.0,0.0,0.0,0.0,0.0,0.0,0.0,0.0,0.0,0.0,0.0,0.0,0.0,1.0,0.0,0.0,0.0,0.0,0.0,0.0,0.0,0.0,0.0,0.0,0.0,0.0,0.0,0.0,0.0,0.0,0.0,0.0,0.0,0.0,0.0,0.0,0.0,0.0,0.0
44,GCAAGCGTTAATCGGAATTACTGGGCGTAAAGCGCACGCAGGCGGTCTGTTAAGTCAGATGTGAAATCCCCGGGCTCAACCTGGGAACTGCATTTGAAACTGGCAGGCTTGAGTCTTGTAGAGGGGGGTAGAATTCCAGGTGTAGCGGTGAAATGCGTAGAGATCTGGAGGAATACCGGTGGCGAAGGCGGCCCCCTGGACAAAGACTGACGCTCAGGTGCGAAAGCGTGGGG,0.0,0.0,0.0,0.0,0.0,0.0,0.0,0.0,0.0,0.0,0.0,0.0,0.0,0.0,0.0,0.0,0.0,0.0,0.0,0.0,0.0,0.0,0.0,0.0,0.0,0.0,0.0,0.0,0.0,0.0,0.0,0.0,0.0,0.0,0.0,0.0,0.0,0.0,0.0,0.0,0.0,0.0,0.0,0.0,0.0,0.0,0.0,0.0,0.0,0.0,0.0,0.0,0.0,0.0,0.0,0.0,0.0,0.0,0.0,0.0,0.0,0.0,0.0,0.0,0.0,0.0,0.0,0.0,0.0,0.0,0.0,0.0,1.0,0.0,0.0,0.0,0.0,0.0,0.0,0.0,0.0,0.0,0.0,0.0,0.0,0.0,0.0,0.0,0.0,0.0,0.0,0.0,0.0
45,GCAAGCGTTGTCCGGAATTATTGGGCGTAAAGGGCTCGCAGGCGGTTCCTTAAGTCTGATGTGAAAGCCCCCGGCTCAACCGGGGAGGGTCATTGGAAACTGGGGAACTTGAGTGCAGAAGAGGAGAGTGGAATTCCACGTGTAGCGGTGAAATGCGTAGAGATGTGGAGGAACACCAGTGGCGAAGGCGACTCTCTGGTCTGTAACTGACGCTGAGGAGCGAAAGCGTGGGG,0.0,0.0,0.0,0.0,0.0,0.0,0.0,0.0,0.0,0.0,0.0,0.0,0.0,0.0,0.0,0.0,0.0,0.0,0.0,0.0,0.0,0.0,0.0,0.0,0.0,0.0,0.0,0.0,0.0,0.0,0.0,0.0,0.0,0.0,0.0,0.0,0.0,0.0,0.0,0.0,0.0,0.0,0.0,0.0,0.0,0.0,0.0,0.0,0.0,0.0,0.0,0.0,0.0,0.0,0.0,0.0,0.0,0.0,0.0,0.0,0.0,0.0,0.0,0.0,0.0,0.0,0.0,0.0,0.0,0.0,0.0,0.0,0.0,0.0,0.0,0.0,0.0,0.0,0.0,0.0,0.0,0.0,0.0,0.0,0.0,0.0,0.0,0.0,0.0,1.0,0.0,0.0,0.0
46,GCAAGCGTTACTCGGAATTACTGGGCGTAAAGCGTGCGTAGGTGGTCGTTTAAGTCCGTTGTGAAAGCCCTGGGCTCAACCTGGGAACTGCAGTGGATACTGGGCGACTAGAGTGTGGTAGAGGGTAGCGGAATTCCTGGTGTAGCAGTGAAATGCGTAGAGATCAGGAGGAACATCCATGGCGAAGGCAGCTACCTGGACCAACACTGACACTGAGGCACGAAAGCGTGGGG,0.0,0.0,0.0,0.0,0.0,0.0,0.0,0.0,0.0,0.0,0.0,0.0,0.0,0.0,0.0,0.0,0.0,0.0,0.0,0.0,0.0,0.0,0.0,0.0,0.0,0.0,0.0,0.0,0.0,0.0,0.0,0.0,0.0,0.0,0.0,0.0,0.0,0.0,0.0,0.0,0.0,0.0,0.0,0.0,0.0,0.0,0.0,0.0,0.0,0.0,0.0,0.0,0.0,0.0,0.0,0.0,0.0,0.0,0.0,0.0,0.0,0.0,0.0,0.0,0.0,0.0,0.0,0.0,0.0,0.0,0.0,0.0,0.0,0.0,0.0,0.0,0.0,0.0,0.0,0.0,0.0,0.0,0.0,0.0,0.0,0.0,0.0,0.0,0.0,0.0,1.0,0.0,0.0
